time_h,nh3_feed_kg_h,temperature_c,pressure_bar,nh3_outlet_ppmv,fired_kw,h2_product_kg_h
0.0,10.0249,600.637,5.062,2583.826,11.5983,1.68045
2.0,9.9896,598.585,5.038,2510.88,11.8367,1.65979
4.0,10.0138,601.547,4.994,2513.918,12.3267,1.68153
6.0,9.9658,600.525,4.943,2594.488,12.0448,1.66503
8.0,10.0231,602.752,5.101,2661.882,11.4776,1.68445
10.0,9.9191,598.761,5.0,2574.875,11.6419,1.64095
12.0,10.0452,597.054,5.045,2743.733,11.5398,1.68061
14.0,9.9295,599.303,4.989,2617.465,11.8271,1.69162
16.0,9.9434,596.654,5.009,2645.356,12.049,1.66531
18.0,10.0584,598.24,5.005,2686.393,11.7414,1.72319
20.0,9.9357,598.171,5.001,2651.355,11.8266,1.67955
22.0,10.0291,599.904,5.04,2499.222,11.5644,1.70801
24.0,10.0495,600.141,4.986,2802.341,11.7031,1.6778
26.0,9.9688,600.456,5.025,2634.206,11.7578,1.69939
28.0,10.0238,601.642,4.918,2584.88,11.3857,1.67877
30.0,9.9039,602.274,4.925,2614.788,11.9513,1.66247
32.0,10.0254,600.473,4.963,2663.548,11.7832,1.68677
34.0,10.0736,603.593,5.022,2618.928,11.8699,1.69055
36.0,10.0053,598.032,4.926,2520.879,11.7424,1.69061
38.0,10.0345,599.75,5.009,2680.756,11.4653,1.69743
40.0,10.0344,600.283,5.117,2575.264,11.8531,1.68116
42.0,9.963,602.052,4.981,2520.856,11.7358,1.69367
44.0,9.9564,598.578,5.006,2525.451,12.0772,1.67039
46.0,10.0388,600.125,4.979,2607.335,12.176,1.68017
48.0,9.9757,600.966,5.048,2613.717,11.7005,1.66223
50.0,10.0184,601.132,5.054,2605.848,11.1485,1.65745
52.0,9.9796,599.997,4.947,2492.059,11.5879,1.68094
54.0,10.0341,601.518,4.987,2640.384,11.4839,1.64913
56.0,9.9273,602.507,4.922,2461.956,12.0697,1.65309
58.0,10.0349,601.139,4.994,2629.279,11.8443,1.69183
60.0,9.9677,603.196,5.054,2548.263,11.7673,1.68532
62.0,9.9619,600.104,5.021,2562.638,11.7999,1.65231
64.0,9.9255,601.366,5.108,2613.593,11.9251,1.70098
66.0,9.9462,601.449,5.057,2624.996,12.0796,1.65503
68.0,9.9086,595.375,5.043,2537.927,11.5169,1.66538
70.0,10.0321,597.456,5.055,2540.613,11.8682,1.68078
72.0,9.9579,597.459,5.022,2648.422,12.4065,1.70628
74.0,10.0249,602.221,4.915,2701.721,11.747,1.6781
76.0,9.9804,601.916,4.983,2637.072,11.2477,1.68509
78.0,9.9984,602.593,4.958,2587.134,11.5128,1.67188
80.0,10.0093,600.804,4.978,2674.828,11.8275,1.66594
82.0,10.05,601.681,4.969,2612.189,11.8365,1.67609
84.0,9.9872,599.217,4.974,2670.276,11.5525,1.6991
86.0,10.0612,601.711,4.964,2683.071,11.8217,1.67076
88.0,10.0334,596.436,4.923,2635.024,11.6951,1.67759
90.0,10.0137,601.461,4.876,2741.328,11.4657,1.66243
92.0,10.0093,598.485,5.051,2664.048,12.0442,1.673
94.0,9.9969,599.493,5.057,2589.522,11.7041,1.6673
96.0,10.0225,603.432,5.044,2472.913,11.8104,1.70105
98.0,10.0332,603.092,4.929,2698.001,11.5706,1.67205
100.0,9.975,600.692,4.997,2766.871,11.3487,1.68391
102.0,9.9647,602.38,4.886,2620.855,11.5913,1.64194
104.0,10.0061,601.18,5.042,2654.749,11.9026,1.66036
106.0,9.9824,597.034,4.992,2474.484,11.9709,1.71348
108.0,9.9222,599.87,4.95,2715.208,11.8501,1.67438
110.0,9.9325,601.24,4.966,2608.722,11.9744,1.69379
112.0,9.9502,599.277,4.947,2692.007,12.0155,1.67655
114.0,10.0317,596.031,5.046,2599.6,11.9025,1.69296
116.0,10.0442,600.195,4.983,2535.052,11.7553,1.69041
118.0,9.9797,599.271,4.908,2626.32,12.1551,1.69371
120.0,9.979,600.371,5.062,2578.526,11.643,1.69283
122.0,9.9463,604.785,4.926,2524.907,11.9319,1.68777
124.0,9.9996,599.57,4.952,2514.678,11.7682,1.69067
126.0,10.0353,600.686,5.0,2767.619,11.7282,1.68398
128.0,9.9959,599.639,5.06,2584.261,11.7413,1.68168
130.0,9.9962,597.775,4.964,2653.539,11.6408,1.65123
132.0,9.9599,601.757,4.956,2517.191,11.4694,1.68838
134.0,10.0232,599.421,5.078,2702.002,11.6347,1.68736
136.0,10.0313,597.324,5.026,2611.303,11.7095,1.66186
138.0,9.9786,600.834,4.918,2692.328,11.6455,1.68937
140.0,9.9275,598.464,4.953,2637.921,11.8234,1.70357
142.0,10.0442,594.804,5.001,2648.29,11.7928,1.66344
144.0,9.9692,597.995,4.976,2662.637,11.8511,1.66305
146.0,9.966,600.258,4.958,2560.024,11.8117,1.66988
148.0,10.007,596.561,5.052,2650.08,11.7962,1.6941
150.0,10.0476,600.657,5.034,2623.126,11.9146,1.67247
152.0,9.9377,599.263,5.032,2682.343,11.8156,1.6476
154.0,9.887,598.919,5.076,2563.362,11.969,1.69249
156.0,9.902,599.958,4.859,2463.392,11.7805,1.69142
158.0,10.0202,602.265,5.024,2727.831,11.4526,1.67906
160.0,10.0653,597.186,4.975,2752.604,11.4293,1.70047
162.0,9.9444,597.975,4.954,2606.951,11.83,1.69311
164.0,10.0383,596.793,4.945,2631.114,12.1381,1.69036
166.0,9.9444,600.324,5.02,2648.843,11.8295,1.66702
168.0,9.9582,599.928,4.998,2528.866,11.782,1.67471
170.0,10.0479,602.263,5.096,2652.873,11.8886,1.69632
172.0,9.9541,600.691,4.937,2535.145,12.071,1.70644
174.0,10.0132,598.637,4.99,2612.836,11.7316,1.66712
176.0,10.005,599.838,5.001,2728.287,11.8471,1.67361
178.0,10.0078,601.938,5.028,2670.693,11.5816,1.70125
180.0,10.0712,599.551,5.073,2470.069,11.7302,1.6462
182.0,9.961,602.087,5.05,2684.559,11.7809,1.67125
184.0,10.059,601.742,5.014,2560.691,11.3921,1.66627
186.0,9.9484,600.989,4.991,2568.077,12.0292,1.66832
188.0,10.0325,598.86,5.05,2572.497,11.6966,1.67592
190.0,10.0355,598.986,5.088,2568.989,11.8842,1.6616
192.0,9.9787,601.289,4.972,2638.637,11.7141,1.6837
194.0,9.9999,599.067,4.957,2618.66,11.3202,1.72453
196.0,9.9896,601.058,5.011,2645.57,12.273,1.68624
198.0,9.9268,598.62,5.056,2728.662,11.6897,1.68837
200.0,9.9605,599.543,4.906,2689.178,11.6855,1.69701
202.0,9.9904,602.477,5.018,2621.004,12.1823,1.6687
204.0,9.9751,600.582,4.988,2609.566,11.9406,1.6902
206.0,10.0296,598.716,5.023,2585.213,11.7898,1.68486
208.0,10.0515,601.381,5.006,2599.411,11.595,1.65741
210.0,9.9675,600.409,5.032,2635.496,11.7616,1.67732
212.0,10.0029,600.682,4.973,2608.23,11.7514,1.69051
214.0,10.0114,600.287,4.998,2573.482,11.7972,1.67727
216.0,10.0258,596.245,4.98,2721.372,11.8977,1.71012
218.0,9.9312,598.57,5.0,2630.756,11.9742,1.69595
220.0,10.0223,599.914,4.977,2541.132,11.7163,1.66354
222.0,10.0589,599.206,5.001,2476.296,11.5652,1.70583
224.0,10.0306,598.911,4.923,2526.158,11.4924,1.6497
226.0,10.0085,599.503,4.892,2666.774,11.459,1.66404
228.0,9.9549,598.865,5.014,2662.665,12.1332,1.66978
230.0,10.014,603.827,4.987,2476.654,11.5875,1.67198
232.0,10.1278,598.069,4.956,2631.389,11.6265,1.68265
234.0,10.0074,599.802,4.913,2642.127,11.5004,1.69349
236.0,10.0572,601.005,5.005,2642.231,12.1958,1.6646
238.0,9.9606,599.593,5.025,2543.916,12.0878,1.68538
240.0,9.9853,601.286,4.959,2486.394,11.7006,1.69383
242.0,9.9635,599.706,4.994,2640.172,11.7257,1.67351
244.0,9.9484,597.603,5.004,2537.988,11.9575,1.687
246.0,10.0108,604.2,4.934,2489.628,11.8772,1.69381
248.0,10.0101,600.534,4.973,2601.297,11.9515,1.63947
250.0,10.0666,600.477,4.948,2593.957,11.9194,1.64443
252.0,9.9238,598.272,4.983,2740.964,11.9131,1.69648
254.0,9.9487,601.118,4.977,2770.398,12.1079,1.66764
256.0,10.0004,596.94,5.003,2558.817,11.6322,1.65627
258.0,10.0009,603.5,5.005,2628.439,12.1255,1.70363
260.0,10.0355,597.337,5.045,2682.342,12.1216,1.68229
262.0,9.9306,599.088,5.031,2637.907,11.6209,1.68286
264.0,10.0159,602.011,5.043,2566.421,12.0988,1.67348
266.0,10.0974,603.664,4.943,2676.799,12.1995,1.63639
268.0,9.9932,599.34,5.023,2601.067,11.7234,1.67464
270.0,9.9423,599.588,5.006,2514.949,11.5385,1.6766
272.0,10.0386,602.945,4.934,2584.059,12.011,1.67142
274.0,10.0016,599.382,5.013,2553.191,11.9757,1.64587
276.0,10.0238,599.756,4.962,2697.878,11.7225,1.66527
278.0,9.9661,598.319,5.001,2563.779,11.4918,1.66861
280.0,9.9362,600.267,4.957,2499.354,11.6981,1.69104
282.0,9.8677,599.595,5.018,2454.676,12.1113,1.69691
284.0,9.9413,602.941,5.07,2642.744,11.8271,1.65115
286.0,10.0401,602.461,5.026,2660.923,11.7179,1.69812
288.0,10.0431,598.946,4.979,2632.727,11.563,1.67153
290.0,9.9819,600.013,4.993,2512.791,11.8109,1.71024
292.0,9.9185,599.531,4.996,2686.327,11.6372,1.68294
294.0,10.0161,604.714,4.967,2633.671,11.6809,1.6715
296.0,10.0014,600.182,4.924,2662.913,11.966,1.70248
298.0,10.1556,599.498,5.05,2615.442,11.7601,1.67137
300.0,10.0307,600.911,5.028,2647.922,11.6973,1.67848
302.0,10.0328,602.888,5.053,2628.483,12.0061,1.65942
304.0,9.9605,600.616,4.985,2770.944,11.4183,1.67246
306.0,9.9906,599.033,4.999,2613.868,11.946,1.68314
308.0,10.0077,602.078,5.018,2710.533,11.7652,1.68276
310.0,9.9891,597.621,5.079,2517.693,11.8062,1.68346
312.0,9.9352,597.735,4.939,2597.348,11.7843,1.66404
314.0,9.9825,599.992,4.829,2546.813,11.9819,1.69164
316.0,9.9343,599.584,5.054,2645.471,12.1613,1.68945
318.0,10.0383,600.257,4.992,2609.652,11.9172,1.69734
320.0,10.0337,597.39,4.996,2579.309,11.5864,1.67993
322.0,9.9959,599.784,4.985,2599.995,12.1104,1.64956
324.0,9.9785,594.262,4.985,2670.988,11.6284,1.67011
326.0,9.9191,598.586,4.991,2663.916,11.7727,1.67772
328.0,9.965,601.594,4.931,2468.813,11.4456,1.68484
330.0,10.0509,601.33,5.0,2627.15,11.9987,1.65297
332.0,9.9043,600.968,4.974,2625.262,11.8159,1.64234
334.0,10.0046,599.943,4.955,2682.95,11.6264,1.65786
336.0,9.9378,603.263,5.072,2634.27,11.7485,1.69101
338.0,10.0024,598.193,4.961,2574.53,11.3616,1.66173
340.0,10.0333,601.479,5.013,2591.232,11.6124,1.65497
342.0,9.9924,599.342,4.935,2536.726,11.9358,1.67074
344.0,9.9434,603.624,5.115,2721.181,11.7993,1.65247
346.0,9.9173,601.619,4.974,2581.772,11.322,1.63736
348.0,10.0236,598.825,4.979,2706.64,11.6429,1.6446
350.0,10.0057,600.763,4.998,2598.171,11.9735,1.69465
352.0,10.079,603.289,5.113,2573.391,12.035,1.68202
354.0,9.9352,603.494,4.976,2595.301,12.2362,1.68757
356.0,9.9988,598.92,5.035,2415.399,11.9324,1.6953
358.0,10.0303,601.0,4.994,2771.703,12.0553,1.67746
360.0,10.0856,596.686,4.988,2631.868,11.7693,1.65718
362.0,10.0173,597.601,4.902,2618.836,12.0438,1.6865
364.0,10.0465,600.675,5.001,2745.252,12.333,1.65514
366.0,9.9763,598.759,5.048,2548.956,11.8079,1.65602
368.0,10.0115,599.475,4.927,2614.34,11.7661,1.62764
370.0,9.9698,597.898,5.045,2695.868,11.8314,1.67194
372.0,10.0709,603.234,5.057,2498.872,11.9178,1.69931
374.0,9.9599,602.299,4.952,2673.742,11.7634,1.66278
376.0,10.0364,597.228,4.987,2626.948,11.902,1.68527
378.0,10.056,599.565,5.015,2776.971,11.8955,1.68307
380.0,9.9672,600.122,4.885,2495.601,11.5058,1.66803
382.0,9.9774,598.794,4.964,2552.92,11.8546,1.68078
384.0,9.9803,599.582,5.014,2568.896,11.7411,1.66544
386.0,10.0569,602.765,5.027,2549.009,11.8925,1.70996
388.0,9.994,600.2,4.874,2561.158,11.9067,1.69663
390.0,10.091,600.839,4.915,2800.207,11.3713,1.71299
392.0,9.9389,599.426,5.062,2487.351,11.8714,1.65026
394.0,10.016,599.887,4.94,2580.304,11.9282,1.66722
396.0,10.0163,597.234,5.022,2594.963,11.9575,1.66686
398.0,9.984,595.647,5.075,2565.121,11.3685,1.67544
400.0,9.9822,599.675,4.986,2631.874,12.3189,1.69753
402.0,10.112,602.143,5.01,2590.524,11.4322,1.66859
404.0,9.9473,601.405,4.98,2725.871,11.6671,1.67521
406.0,10.0772,598.327,5.143,2676.094,11.4041,1.64676
408.0,10.0239,599.654,4.984,2744.477,11.5604,1.6668
410.0,10.0377,599.355,4.933,2557.4,11.5747,1.70129
412.0,9.9789,602.156,4.922,2751.872,11.5229,1.67886
414.0,10.0022,603.478,5.042,2661.71,11.9098,1.7037
416.0,10.0399,598.557,5.115,2792.232,11.5951,1.66162
418.0,10.0541,599.89,4.943,2772.253,11.8731,1.67462
420.0,10.0648,598.111,5.029,2676.952,11.9922,1.68747
422.0,9.9807,599.115,4.965,2677.525,11.3651,1.68314
424.0,10.0685,601.641,5.037,2676.81,11.8359,1.66204
426.0,10.0211,602.897,5.054,2771.072,11.9663,1.66637
428.0,10.0259,600.043,5.033,2600.758,11.6132,1.65306
430.0,10.0542,600.968,4.989,2675.595,12.1175,1.68816
432.0,10.0717,599.563,5.007,2593.16,12.0302,1.67153
434.0,10.0522,599.161,5.097,2637.423,11.8661,1.64789
436.0,9.9789,603.401,4.994,2724.042,11.8085,1.68576
438.0,9.997,598.819,4.994,2633.271,12.1577,1.68666
440.0,9.9654,599.093,4.964,2447.567,11.8438,1.67775
442.0,10.0091,600.615,5.035,2582.667,11.8591,1.66782
444.0,9.9881,600.98,5.015,2711.005,12.2187,1.67316
446.0,10.0256,602.385,5.044,2743.545,12.4251,1.70381
448.0,9.9015,599.823,5.057,2595.683,12.1412,1.6703
450.0,9.9834,602.724,4.947,2652.321,12.0254,1.67602
452.0,10.0202,599.021,4.979,2582.125,11.7514,1.67309
454.0,9.9725,597.798,5.03,2591.155,12.0497,1.65261
456.0,10.034,600.922,5.031,2563.701,12.2621,1.67397
458.0,10.0093,601.838,5.08,2572.772,11.8445,1.66966
460.0,9.9108,598.482,5.043,2677.447,11.5571,1.65904
462.0,10.0645,599.917,4.994,2509.064,11.9891,1.65566
464.0,10.0431,600.753,5.003,2777.532,11.6,1.67719
466.0,10.0198,600.11,4.966,2782.096,11.7298,1.68515
468.0,9.9344,600.542,4.987,2708.853,12.1072,1.6839
470.0,9.9979,599.833,5.119,2648.587,12.5057,1.6896
472.0,9.9943,599.917,5.057,2669.478,11.8469,1.65881
474.0,9.9615,598.207,4.984,2599.947,11.9448,1.69116
476.0,10.0038,600.974,5.043,2703.434,11.8117,1.67967
478.0,10.006,598.543,4.983,2612.679,12.1768,1.68088
480.0,10.0646,602.77,5.07,2661.52,12.3022,1.67872
482.0,10.0143,597.47,5.087,2511.332,11.6512,1.63376
484.0,9.9607,601.645,4.974,2628.564,11.5995,1.68792
486.0,10.0722,601.366,5.004,2630.742,11.8787,1.65175
488.0,10.0167,599.049,5.124,2593.532,12.0503,1.66742
490.0,10.0569,600.44,5.082,2716.58,11.9962,1.68682
492.0,9.9295,599.825,4.906,2646.744,11.413,1.67617
494.0,10.0112,598.31,4.918,2661.088,11.9241,1.67587
496.0,10.0485,601.985,4.959,2673.105,12.0183,1.68297
498.0,10.0759,599.45,5.008,2615.193,12.1083,1.69543
500.0,10.0625,599.793,4.977,2596.496,11.7022,1.67938
502.0,9.9871,598.707,4.958,2744.104,11.8467,1.67953
504.0,9.9365,596.558,5.025,2639.153,11.5518,1.70475
506.0,10.0305,599.327,4.978,2663.828,12.0597,1.63812
508.0,10.0365,601.663,4.998,2718.774,12.0155,1.69591
510.0,9.9609,602.328,4.982,2795.249,11.5684,1.66043
512.0,10.0473,599.03,4.908,2734.326,11.9769,1.69188
514.0,10.0336,597.949,4.98,2733.506,12.219,1.68099
516.0,10.0333,598.087,4.967,2686.209,11.8199,1.69702
518.0,9.9226,600.812,5.012,2530.747,11.4954,1.65422
520.0,9.9738,598.531,4.938,2602.994,11.9063,1.67114
522.0,9.9988,596.728,4.978,2711.8,11.9924,1.6436
524.0,10.0631,603.193,5.013,2689.25,11.9416,1.65821
526.0,9.9908,601.502,5.063,2593.935,12.2998,1.66888
528.0,9.9987,595.013,5.046,2655.805,12.3364,1.6833
530.0,9.9651,601.817,5.0,2517.229,11.9399,1.66414
532.0,9.9877,599.692,4.998,2712.338,11.7842,1.67339
534.0,10.0332,600.501,4.969,2730.549,11.3248,1.67366
536.0,10.0168,600.931,4.958,2642.955,11.667,1.68392
538.0,9.9979,598.204,5.072,2590.687,11.7666,1.66093
540.0,10.1,602.21,4.989,2658.307,12.2831,1.69771
542.0,10.0055,597.361,5.029,2651.037,11.9396,1.67381
544.0,9.9958,598.891,5.063,2612.456,12.2043,1.7028
546.0,10.0536,600.902,5.081,2633.851,12.4018,1.6743
548.0,10.0741,600.494,5.023,2660.879,12.3046,1.6961
550.0,10.001,598.544,5.052,2561.105,11.9151,1.67275
552.0,9.9555,599.033,5.03,2624.862,11.5035,1.6909
554.0,9.9083,602.187,4.921,2730.511,11.7278,1.66416
556.0,10.0009,600.686,5.148,2604.589,11.6214,1.68451
558.0,10.0409,599.951,4.975,2614.952,11.9754,1.69603
560.0,10.035,597.852,4.978,2694.539,11.8542,1.69737
562.0,9.9268,597.526,4.962,2690.854,11.82,1.68439
564.0,10.1043,599.418,4.963,2768.644,11.9204,1.68318
566.0,10.0224,598.706,4.994,2631.457,11.5096,1.68096
568.0,9.8864,599.032,4.976,2620.464,12.0481,1.68807
570.0,10.0635,599.06,4.945,2613.807,12.0503,1.7141
572.0,10.0923,596.873,4.982,2666.845,11.4676,1.68661
574.0,9.9711,601.625,5.013,2633.621,11.984,1.67218
576.0,10.0236,601.19,4.999,2608.298,11.7654,1.71707
578.0,10.0061,600.25,4.959,2694.972,11.6067,1.71214
580.0,9.9855,599.099,4.977,2588.837,11.5154,1.68332
582.0,10.0655,603.055,4.941,2560.412,11.7672,1.69164
584.0,10.048,601.739,5.079,2538.578,11.6932,1.68969
586.0,9.9479,600.413,5.025,2461.642,11.7587,1.67686
588.0,9.9784,598.131,5.049,2661.441,12.016,1.68107
590.0,9.9967,599.775,5.007,2613.767,12.2148,1.66158
592.0,9.9714,600.106,5.027,2528.536,11.9798,1.6935
594.0,9.9115,600.113,5.013,2791.724,11.9773,1.69158
596.0,9.9754,602.588,5.059,2706.956,12.2675,1.66976
598.0,9.9772,601.662,4.95,2742.937,11.9085,1.71011
600.0,9.9668,602.849,5.047,2767.302,11.604,1.6901
602.0,10.0731,599.04,5.09,2752.838,11.8924,1.70014
604.0,10.0082,600.247,4.876,2634.006,11.9878,1.71746
606.0,9.993,599.446,4.972,2723.373,11.5995,1.67745
608.0,10.0115,598.498,5.023,2581.299,11.959,1.64811
610.0,9.9419,598.102,5.01,2637.5,11.7308,1.66571
612.0,9.9228,600.713,4.985,2487.11,11.9417,1.68169
614.0,10.0235,600.395,4.97,2444.643,11.883,1.66278
616.0,10.0527,595.024,4.945,2700.054,11.8177,1.64183
618.0,10.0238,597.849,5.04,2724.394,11.7087,1.67286
620.0,10.0278,599.88,4.894,2653.118,12.0488,1.64799
622.0,9.9832,597.441,5.008,2634.961,11.6841,1.653
624.0,10.0627,599.684,4.916,2649.127,11.7504,1.7226
626.0,10.0296,601.007,5.019,2618.428,11.9816,1.6933
628.0,10.0447,602.264,5.033,2625.519,12.1038,1.69561
630.0,9.9754,597.643,5.015,2734.743,11.4752,1.66933
632.0,10.0159,601.897,5.044,2936.398,12.0443,1.67926
634.0,10.0018,599.351,4.974,2715.412,11.9483,1.66357
636.0,9.9345,598.099,4.986,2629.805,11.6459,1.66297
638.0,9.9969,597.487,4.962,2744.718,11.3697,1.6647
640.0,9.9862,602.696,4.966,2578.355,11.9621,1.7194
642.0,9.9794,600.432,4.987,2802.708,11.5601,1.67888
644.0,10.0391,601.525,5.002,2617.223,11.917,1.69796
646.0,10.0029,603.272,4.916,2627.736,12.0931,1.68893
648.0,9.984,599.104,4.931,2612.202,11.8999,1.68933
650.0,9.8638,599.936,4.944,2678.027,11.9281,1.68157
652.0,10.1438,600.2,5.046,2719.343,11.9135,1.65916
654.0,10.0276,600.778,4.934,2682.867,11.7157,1.67542
656.0,9.9776,604.086,4.991,2670.672,11.9951,1.65472
658.0,9.987,601.08,5.066,2502.643,11.6721,1.6622
660.0,9.9987,599.358,5.025,2693.078,11.8907,1.71068
662.0,9.9539,602.764,4.952,2560.779,11.4615,1.72072
664.0,9.9919,596.801,5.066,2694.846,11.9258,1.6978
666.0,10.0265,598.747,5.02,2534.743,11.9966,1.66688
668.0,10.0103,598.217,5.019,2737.185,11.8205,1.70672
670.0,10.1066,598.084,4.977,2599.6,11.9142,1.69293
672.0,10.0296,602.145,4.955,2727.977,11.9078,1.6563
674.0,9.9426,600.296,5.028,2627.265,11.9494,1.66798
676.0,10.035,600.911,5.014,2757.415,11.6128,1.66138
678.0,9.9902,601.141,5.085,2625.844,11.6023,1.66342
680.0,9.8576,597.695,4.935,2763.613,11.7962,1.65638
682.0,9.9676,602.617,4.967,2628.378,11.9352,1.69635
684.0,9.976,599.835,5.052,2737.489,12.1674,1.66495
686.0,9.9462,601.878,5.027,2795.191,11.859,1.69544
688.0,10.0374,598.497,5.086,2627.09,11.7538,1.67296
690.0,10.0094,603.35,5.032,2652.178,12.3345,1.69499
692.0,10.0184,598.743,5.022,2553.563,12.0723,1.68933
694.0,9.9411,599.481,4.904,2712.341,11.414,1.68905
696.0,10.107,601.383,4.947,2737.814,11.972,1.69841
698.0,10.0043,600.354,4.925,2666.277,11.9301,1.67432
700.0,10.0077,603.249,5.045,2744.873,11.8813,1.6807
702.0,9.9823,601.217,4.915,2793.891,11.8859,1.68205
704.0,10.0066,599.626,4.983,2607.563,11.6361,1.68172
706.0,9.9515,597.934,5.052,2685.733,12.1327,1.70602
708.0,9.9599,602.814,5.09,2557.799,12.1622,1.66737
710.0,10.0006,602.349,4.971,2696.939,11.5633,1.67593
712.0,9.9773,597.43,5.069,2783.281,11.6283,1.68392
714.0,10.0009,597.568,4.968,2609.34,12.3097,1.65509
716.0,10.0139,600.739,4.966,2732.983,11.5336,1.67239
718.0,9.9651,597.323,4.931,2526.708,11.7974,1.70069
720.0,9.9528,597.645,5.029,2792.354,11.9736,1.66681
722.0,10.0799,597.75,5.008,2675.083,11.9441,1.65957
724.0,9.9997,599.682,4.944,2719.078,12.6106,1.68182
726.0,9.9524,599.123,5.017,2750.619,12.2579,1.68119
728.0,9.9811,595.522,5.019,2717.08,11.7556,1.7049
730.0,10.0393,597.827,4.987,2677.994,11.4734,1.69843
732.0,10.0206,600.825,5.063,2875.964,12.0116,1.67517
734.0,10.0976,599.418,4.962,2728.319,12.0784,1.69358
736.0,9.9265,596.932,4.998,2743.156,11.9649,1.65785
738.0,10.084,598.979,5.024,2627.873,12.2283,1.66607
740.0,10.0908,598.82,4.963,2662.994,11.6787,1.66704
742.0,9.9743,602.044,5.002,2685.689,12.1317,1.69321
744.0,9.9691,602.08,5.065,2673.313,12.1668,1.65501
746.0,9.9656,596.86,5.02,2768.403,11.6933,1.6633
748.0,9.9812,598.966,4.956,2616.576,12.1146,1.68349
750.0,9.949,603.519,5.018,2913.981,11.6279,1.67108
752.0,9.9358,600.541,5.021,2755.361,11.6936,1.67131
754.0,10.0978,601.877,5.004,2624.775,12.1284,1.6594
756.0,9.9882,596.797,4.962,2538.905,11.7942,1.71042
758.0,9.9872,597.55,4.899,2647.826,12.2535,1.68628
760.0,10.1012,597.357,5.006,2873.265,12.0259,1.69569
762.0,9.9623,597.658,5.002,2706.069,11.8367,1.71906
764.0,10.1035,598.898,5.013,2651.646,11.6671,1.6453
766.0,10.0758,601.603,4.989,2699.353,12.1635,1.69293
768.0,10.0071,603.356,5.021,2816.413,11.7461,1.65763
770.0,9.9131,600.906,5.053,2758.694,12.1084,1.6787
772.0,9.9865,598.452,5.043,2552.938,12.2512,1.68364
774.0,9.9862,599.163,5.029,2592.477,12.0129,1.71702
776.0,9.9649,601.724,5.049,2712.196,11.8299,1.66851
778.0,10.0344,602.212,4.998,2684.161,11.8968,1.64896
780.0,10.0116,600.48,4.986,2732.566,12.2511,1.66786
782.0,10.0652,595.879,5.049,2616.848,11.5624,1.65489
784.0,9.9516,602.962,5.012,2618.033,12.2406,1.69626
786.0,10.0338,601.61,5.023,2541.99,11.97,1.68595
788.0,9.9895,597.333,5.028,2636.179,12.5826,1.6623
790.0,9.9774,601.161,4.941,2579.901,11.7471,1.67348
792.0,9.8682,596.324,5.045,2739.198,11.4689,1.66597
794.0,10.0241,600.15,5.025,2784.987,11.7707,1.66943
796.0,10.0739,596.763,4.958,2692.994,11.408,1.65107
798.0,9.9806,600.621,4.957,2631.933,11.519,1.6928
800.0,10.0124,600.963,5.013,2666.348,12.1671,1.66493
802.0,10.1025,600.559,4.93,2677.466,11.9076,1.6965
804.0,9.9328,601.709,5.047,2723.241,11.6196,1.6716
806.0,10.0309,602.028,5.03,2560.693,12.111,1.65934
808.0,10.0138,599.902,5.014,2619.683,11.7033,1.67711
810.0,10.0019,599.088,5.011,2833.039,11.8574,1.67881
812.0,9.9957,600.852,4.986,2881.248,12.1118,1.70136
814.0,10.0335,596.444,5.007,2754.107,11.8684,1.68271
816.0,10.0234,600.694,4.965,2780.759,12.2064,1.66737
818.0,9.977,601.528,4.936,2667.736,11.8209,1.6694
820.0,10.0372,595.65,4.985,2706.54,11.9887,1.66729
822.0,10.0939,598.656,4.977,2697.582,11.5578,1.69465
824.0,10.0439,594.577,4.981,2673.872,11.5091,1.67413
826.0,10.0459,604.561,5.042,2729.508,11.4408,1.68758
828.0,9.9716,598.659,5.036,2673.429,11.9326,1.68772
830.0,10.0159,595.444,4.976,2637.167,12.532,1.70269
832.0,10.0017,601.898,5.019,2708.462,12.2222,1.69389
834.0,9.964,602.991,5.014,2847.017,12.004,1.66946
836.0,10.0333,597.814,5.061,2612.453,11.7725,1.6644
838.0,10.0064,601.769,5.039,2660.898,11.9347,1.65989
840.0,10.0243,603.52,4.995,2718.41,11.9047,1.66756
842.0,9.9552,598.878,4.983,2625.875,12.4073,1.68726
844.0,9.9915,600.697,5.009,2716.442,12.0941,1.67586
846.0,9.9693,603.11,4.983,2747.388,12.0202,1.65753
848.0,10.0137,602.592,5.001,2732.62,12.1016,1.69252
850.0,10.0113,600.009,5.012,2795.033,12.1655,1.65695
852.0,9.9494,599.028,4.868,2769.135,11.7515,1.6629
854.0,10.0062,600.222,4.972,2672.317,11.9619,1.66654
856.0,9.9703,602.316,4.974,2629.386,11.6149,1.68366
858.0,10.0444,601.661,4.966,2716.457,11.7822,1.66475
860.0,9.9921,601.066,5.039,2696.24,11.9632,1.69131
862.0,9.9809,598.454,4.974,2543.496,11.9961,1.66239
864.0,10.0804,602.759,5.073,2678.03,11.8961,1.66172
866.0,9.959,604.325,5.032,2625.771,11.749,1.65552
868.0,10.0339,599.153,4.96,2723.375,12.2665,1.65309
870.0,10.0504,602.665,5.042,2637.188,11.965,1.71853
872.0,9.9674,599.607,5.014,2834.854,12.3513,1.68417
874.0,10.0365,600.179,5.012,2671.801,11.9986,1.69152
876.0,9.9644,601.832,5.028,2670.993,11.7064,1.69572
878.0,10.0024,599.491,4.878,2740.797,11.7304,1.67338
880.0,9.9647,597.301,5.04,2796.977,11.5,1.64259
882.0,9.9941,597.547,5.077,2727.399,12.0079,1.66317
884.0,10.0293,604.574,5.012,2742.003,11.8229,1.6657
886.0,9.973,598.453,5.066,2734.646,11.6416,1.67147
888.0,10.0291,598.257,5.029,2684.201,11.6246,1.67018
890.0,10.0002,600.636,5.01,2824.796,12.0559,1.68016
892.0,9.991,601.218,4.952,2722.562,12.0318,1.68397
894.0,9.9736,598.766,4.98,2721.217,12.0696,1.64554
896.0,10.0273,602.561,4.978,2813.693,11.9014,1.68375
898.0,10.1029,600.399,4.977,2463.091,11.9231,1.69875
900.0,10.1239,604.363,4.929,2687.508,11.6893,1.69816
902.0,10.0104,602.355,4.979,2748.453,12.2254,1.6747
904.0,10.0315,599.498,4.871,2680.225,11.8637,1.64861
906.0,10.0457,600.197,5.031,2737.922,11.8995,1.67408
908.0,10.1011,596.175,5.045,2693.966,12.3731,1.64941
910.0,10.0302,599.848,4.96,2899.823,12.0114,1.66444
912.0,9.9635,596.844,5.018,2880.27,11.5748,1.65835
914.0,9.9263,600.293,5.07,2715.356,12.0361,1.67933
916.0,10.0427,601.361,4.999,2731.424,11.9236,1.6983
918.0,10.0053,600.656,5.02,2819.774,11.9836,1.68025
920.0,9.9669,600.71,4.971,2655.849,11.645,1.6789
922.0,10.0872,601.136,5.048,2738.477,12.4825,1.66188
924.0,9.9589,601.942,5.003,2753.044,12.3151,1.67263
926.0,9.9901,600.906,4.981,2716.363,11.7975,1.6855
928.0,9.9524,601.614,5.009,2673.205,12.3431,1.67072
930.0,10.0141,601.178,5.063,2647.681,12.2482,1.67614
932.0,10.027,601.475,4.965,2715.242,12.023,1.68176
934.0,9.9869,601.272,4.955,2693.738,11.7746,1.68274
936.0,10.0087,596.716,5.034,2790.063,12.0691,1.70473
938.0,9.9791,599.178,5.103,2837.958,12.1534,1.6857
940.0,10.0069,597.474,5.016,2621.733,11.9259,1.66603
942.0,9.9399,596.87,5.058,2806.219,11.3348,1.66701
944.0,10.0116,602.909,5.046,2675.77,11.8931,1.68584
946.0,10.0125,596.993,5.006,2658.091,11.8899,1.68382
948.0,9.9665,602.239,5.062,2902.906,11.9163,1.68706
950.0,9.9913,598.025,5.074,2661.282,12.0054,1.67308
952.0,9.9425,597.004,4.927,2773.636,12.2248,1.69922
954.0,9.9684,600.058,4.954,2721.449,11.9538,1.66579
956.0,9.9909,601.733,5.055,2706.086,12.0637,1.68325
958.0,9.9821,600.213,4.991,2625.391,12.0045,1.67169
960.0,10.0743,600.338,4.917,2674.578,12.0305,1.68387
962.0,9.9737,599.147,5.03,2831.079,11.9964,1.67844
964.0,10.0335,603.655,4.95,2791.948,12.1157,1.69064
966.0,9.9615,601.067,4.983,2712.652,12.1025,1.68885
968.0,9.9871,597.022,5.057,2709.153,11.9893,1.66594
970.0,10.0709,599.412,5.02,2683.174,11.9343,1.68509
972.0,9.9909,599.367,5.028,2781.666,11.5628,1.66771
974.0,9.9134,600.182,5.008,2786.036,12.1034,1.65783
976.0,10.0808,601.574,5.023,2815.403,12.5545,1.64756
978.0,9.9805,601.546,5.006,2813.396,12.0277,1.6886
980.0,9.9637,602.202,4.892,2629.538,12.1897,1.66376
982.0,10.0106,598.729,4.95,2686.666,12.3351,1.70664
984.0,9.9065,599.501,4.983,2625.054,11.8957,1.68185
986.0,10.0182,602.568,4.964,2683.997,11.8708,1.68297
988.0,10.0738,604.298,5.075,2739.501,12.2292,1.66487
990.0,9.9116,601.051,5.071,2754.71,11.7667,1.67751
992.0,9.9351,599.717,5.07,2720.662,12.0444,1.70577
994.0,10.0025,598.179,4.988,2764.22,11.8824,1.66441
996.0,9.8559,599.088,4.999,2735.837,11.8124,1.67246
998.0,10.0407,600.295,5.049,2763.557,11.6003,1.69804
1000.0,9.9642,599.461,4.98,2713.003,12.2017,1.69371
1002.0,10.008,604.129,5.079,2726.094,11.996,1.64887
1004.0,10.0062,596.703,5.045,2756.683,12.0154,1.68385
1006.0,9.9621,602.866,5.09,2680.436,11.9368,1.65157
1008.0,9.9927,599.432,5.005,2790.301,11.8785,1.69822
1010.0,10.1377,599.957,5.01,2718.932,11.7201,1.70627
1012.0,9.958,598.247,5.016,2683.338,11.7249,1.6411
1014.0,9.9947,598.483,5.067,2634.822,11.9393,1.69092
1016.0,10.0007,605.253,5.055,2650.385,11.5947,1.68012
1018.0,10.041,601.303,5.01,2758.823,12.0422,1.66999
1020.0,10.1094,602.042,4.959,2879.988,11.7642,1.70097
1022.0,9.9824,602.109,4.974,2616.768,11.9172,1.68776
1024.0,10.1093,599.374,5.05,2679.47,11.7785,1.69543
1026.0,10.0174,600.969,5.075,2691.331,11.8875,1.70038
1028.0,10.0629,596.784,5.004,2672.889,11.9801,1.68184
1030.0,10.0609,597.463,4.964,2732.5,11.767,1.70478
1032.0,10.0554,599.287,4.901,2634.657,11.7508,1.68029
1034.0,9.9887,598.843,4.997,2695.992,12.1791,1.66471
1036.0,10.0507,601.086,5.003,2639.635,12.1222,1.68555
1038.0,10.0793,602.685,4.968,2757.196,12.3381,1.69584
1040.0,10.0098,601.633,4.987,2868.266,11.9706,1.66935
1042.0,9.9477,598.966,5.005,2629.274,11.7175,1.67318
1044.0,10.0437,601.429,4.991,2681.181,11.7977,1.67079
1046.0,10.024,596.302,4.961,2754.9,12.4123,1.70138
1048.0,9.9726,596.485,4.979,2776.61,12.0786,1.68332
1050.0,9.9873,600.729,5.033,2674.642,11.6335,1.66995
1052.0,10.1195,600.376,4.971,2601.782,12.1816,1.68364
1054.0,10.0381,600.309,4.921,2817.57,11.7343,1.68385
1056.0,9.9645,596.956,4.94,2778.902,12.1794,1.66007
1058.0,10.027,596.672,4.993,2797.372,12.1253,1.69398
1060.0,10.0766,599.828,4.968,2851.031,12.1894,1.69434
1062.0,10.0496,599.688,5.072,2728.335,11.8428,1.66733
1064.0,10.0599,599.662,5.057,2888.469,12.183,1.67844
1066.0,10.0258,599.227,5.024,2718.06,11.4976,1.68438
1068.0,9.9709,598.859,5.047,2795.357,12.0807,1.6818
1070.0,10.0574,601.764,5.064,2711.238,12.1236,1.66182
1072.0,10.0154,600.446,4.969,2638.482,11.8752,1.67399
1074.0,9.897,600.809,5.019,2723.101,11.8768,1.67176
1076.0,9.9626,598.992,5.059,2808.372,11.9474,1.68304
1078.0,9.9978,599.609,5.035,2559.206,12.0097,1.67475
1080.0,10.0557,600.846,5.014,2845.094,12.0058,1.63894
1082.0,9.9791,599.26,5.026,2756.063,12.182,1.66555
1084.0,10.0169,601.494,5.026,2741.96,12.348,1.68385
1086.0,10.0353,598.857,5.025,2859.38,11.9538,1.64664
1088.0,9.9289,598.626,4.987,2775.65,11.6542,1.69444
1090.0,10.0562,601.676,4.978,2652.703,11.8417,1.68768
1092.0,9.9852,598.325,4.983,2870.962,11.8478,1.65992
1094.0,9.9919,598.396,4.988,2898.979,12.172,1.71015
1096.0,10.0003,600.925,4.853,2774.94,12.3412,1.67112
1098.0,9.9132,599.597,4.985,2650.655,11.8991,1.68726
1100.0,10.0004,598.558,5.041,2678.952,11.9063,1.65469
1102.0,9.9611,601.05,5.042,2821.782,12.1676,1.66755
1104.0,10.021,599.524,5.028,2730.137,11.9071,1.66961
1106.0,10.0025,601.699,5.031,2733.494,11.8236,1.68925
1108.0,9.9598,600.227,4.998,2828.922,12.1708,1.68087
1110.0,10.0156,601.153,4.986,2778.154,12.5301,1.68606
1112.0,9.9416,600.213,5.01,2896.701,11.7028,1.66702
1114.0,10.0294,599.763,4.953,2718.561,11.975,1.68874
1116.0,10.0082,597.425,5.04,2716.326,12.1355,1.69923
1118.0,9.9692,596.913,5.054,2625.473,12.1793,1.65628
1120.0,10.0566,598.905,4.986,2866.78,11.9421,1.64642
1122.0,9.9674,599.729,5.042,2837.694,12.4337,1.67103
1124.0,9.9838,598.363,4.972,2692.754,11.6751,1.68181
1126.0,9.9627,603.576,5.015,2690.982,12.0977,1.69401
1128.0,10.0114,597.394,5.0,2713.664,11.9978,1.70045
1130.0,10.0061,599.289,4.959,2823.741,12.0968,1.68935
1132.0,9.9541,604.45,4.969,2781.776,11.7933,1.67455
1134.0,10.0013,601.097,5.04,2675.87,11.8638,1.67276
1136.0,10.0561,599.22,5.003,2855.497,12.0383,1.67865
1138.0,10.0034,597.471,4.995,2768.356,12.251,1.67794
1140.0,9.9328,600.923,5.068,2743.326,11.7378,1.68576
1142.0,10.0488,597.467,4.984,2916.518,11.549,1.67405
1144.0,10.0403,600.559,5.068,2815.49,11.9737,1.68552
1146.0,9.9783,602.069,4.909,2819.575,11.6172,1.66604
1148.0,9.9561,599.549,4.889,2830.153,11.9111,1.67359
1150.0,10.0161,599.587,4.987,2708.767,12.1503,1.69668
1152.0,10.0528,599.758,5.019,2681.868,11.6101,1.68093
1154.0,9.9593,599.715,5.077,2598.015,11.9631,1.70807
1156.0,10.0046,601.783,5.019,2767.266,11.8098,1.66174
1158.0,9.9489,600.277,5.006,2833.232,12.216,1.69313
1160.0,9.9442,600.81,4.865,2814.637,11.7543,1.64007
1162.0,10.0308,600.949,5.059,2742.024,11.4999,1.6836
1164.0,9.9758,600.424,4.956,2730.418,11.5719,1.69213
1166.0,9.9749,600.907,5.088,2794.524,11.9371,1.67887
1168.0,9.8954,599.605,4.915,2797.789,11.9074,1.70568
1170.0,9.9973,603.795,4.944,2736.308,11.7785,1.66416
1172.0,10.1061,599.645,4.979,2797.642,12.0313,1.68529
1174.0,9.9996,596.573,4.993,2771.726,11.5487,1.7123
1176.0,10.0868,601.331,4.976,2800.934,11.7884,1.69476
1178.0,10.0188,602.188,4.972,2771.427,12.1097,1.64917
1180.0,10.0173,598.755,5.064,2724.286,11.9621,1.68116
1182.0,10.0769,599.648,5.04,2646.025,12.1519,1.65931
1184.0,10.0114,601.204,4.958,2778.406,11.8284,1.68656
1186.0,10.0512,599.619,5.101,2753.204,11.8139,1.67403
1188.0,10.005,600.037,4.915,2780.235,12.0715,1.67294
1190.0,10.0281,596.875,4.889,2837.961,11.8844,1.69439
1192.0,9.9853,599.456,5.046,2787.801,12.4104,1.6939
1194.0,9.967,600.822,4.982,2699.308,11.8992,1.67576
1196.0,9.99,600.263,5.022,2749.983,11.6741,1.66681
1198.0,9.9851,602.755,4.975,2785.44,11.9195,1.676
1200.0,9.9497,601.39,4.962,2734.659,12.4031,1.63482
1202.0,9.9743,601.115,5.046,2786.112,11.9359,1.66894
1204.0,9.9433,598.913,4.992,2906.93,12.1748,1.66455
1206.0,9.9293,596.663,5.0,2658.412,12.4761,1.67677
1208.0,10.0172,598.085,4.964,2713.22,11.9378,1.67392
1210.0,9.958,599.976,5.031,2764.021,12.3765,1.68856
1212.0,9.9328,600.289,4.969,2905.739,12.1996,1.68915
1214.0,10.0285,599.367,4.967,2862.371,12.0626,1.69062
1216.0,10.0307,597.558,5.142,2629.27,11.7159,1.69511
1218.0,9.9093,602.182,5.043,2764.29,11.7605,1.68934
1220.0,9.8723,601.789,4.939,2850.89,12.1244,1.64849
1222.0,10.0384,598.811,4.958,2873.481,11.8181,1.69894
1224.0,10.0472,599.758,4.899,2734.128,12.0741,1.66941
1226.0,9.965,599.932,5.0,2686.961,12.0603,1.69024
1228.0,9.8522,597.729,4.953,2785.739,11.7201,1.67075
1230.0,10.0147,594.384,4.964,2764.891,11.6891,1.70949
1232.0,9.9802,603.204,5.063,2860.042,11.8089,1.65416
1234.0,9.9718,599.385,5.017,2867.61,12.2445,1.68909
1236.0,9.9889,599.802,4.943,2647.073,12.041,1.69572
1238.0,10.0332,596.407,4.993,2866.628,11.6219,1.69876
1240.0,9.9383,602.423,5.041,2783.044,12.3338,1.6766
1242.0,10.0085,597.352,4.956,2868.415,11.9323,1.66941
1244.0,10.0592,600.683,5.033,2688.109,11.5648,1.70212
1246.0,9.9034,596.524,5.068,2907.078,11.9942,1.69429
1248.0,9.9478,595.843,5.02,2879.531,11.9854,1.67585
1250.0,9.9539,600.214,5.021,2728.821,12.0171,1.67478
1252.0,10.1263,599.355,4.995,2770.613,12.2022,1.6497
1254.0,9.9264,601.523,4.907,2685.602,12.1896,1.69327
1256.0,9.9739,599.828,5.005,2712.318,11.4724,1.67961
1258.0,10.005,602.479,5.086,2784.323,12.1068,1.67787
1260.0,10.0597,603.93,5.063,2803.644,12.2266,1.65757
1262.0,10.0341,598.69,5.031,2701.243,11.5616,1.70301
1264.0,9.8907,600.753,5.004,2690.76,12.4341,1.70756
1266.0,9.9859,600.956,5.051,2756.653,12.1026,1.71464
1268.0,10.0133,596.983,4.934,2806.803,11.9784,1.67217
1270.0,9.9735,597.541,5.005,2808.765,11.9519,1.66123
1272.0,10.0038,600.645,5.005,2740.279,12.3399,1.69897
1274.0,10.0142,600.43,4.963,2753.708,12.2062,1.6726
1276.0,9.9696,599.432,4.945,2737.998,11.8077,1.66597
1278.0,10.0276,596.381,4.986,2780.549,12.1896,1.67679
1280.0,10.0043,600.151,4.978,2850.63,12.4604,1.6804
1282.0,9.9378,599.966,4.983,2939.653,12.0105,1.65147
1284.0,9.981,599.92,5.019,2830.461,11.7536,1.69676
1286.0,9.9171,599.236,4.976,2687.92,11.8589,1.69755
1288.0,9.947,597.271,4.96,2969.469,12.3612,1.65078
1290.0,10.0228,601.391,5.095,2781.993,11.8735,1.69012
1292.0,10.0105,601.117,4.995,2727.307,11.6038,1.65135
1294.0,9.9836,597.897,5.009,2705.269,12.4466,1.67261
1296.0,9.9093,600.585,5.032,2823.325,11.5974,1.69802
1298.0,10.0393,601.607,5.065,2707.978,11.624,1.67495
1300.0,10.0253,600.537,4.92,2741.368,12.0655,1.6745
1302.0,9.9648,601.989,4.978,2770.507,11.6522,1.67274
1304.0,9.9827,604.167,5.007,2745.383,12.4757,1.67521
1306.0,9.9912,598.006,5.014,2657.98,12.3801,1.68352
1308.0,10.0648,600.301,5.015,2848.559,11.8962,1.67318
1310.0,9.8869,599.858,5.009,2785.18,12.1773,1.68222
1312.0,10.0278,603.447,4.958,2793.884,11.9277,1.67514
1314.0,9.892,600.184,4.967,2857.278,12.005,1.66208
1316.0,10.0091,599.686,5.039,2671.338,11.8492,1.66675
1318.0,10.0338,598.264,5.025,2831.731,11.7305,1.64615
1320.0,9.9929,602.525,5.125,2714.558,12.1192,1.66584
1322.0,10.0014,600.943,5.009,2818.108,12.0689,1.6614
1324.0,9.9751,599.191,4.992,2782.912,12.1327,1.66911
1326.0,10.0407,599.597,5.034,2653.577,12.2519,1.69943
1328.0,9.9013,597.408,5.104,3019.96,12.0078,1.65196
1330.0,10.0003,599.424,5.008,2718.743,12.3389,1.68982
1332.0,9.964,598.971,4.958,2701.931,11.687,1.70295
1334.0,10.0975,599.736,5.068,2853.843,12.2706,1.69078
1336.0,10.0275,598.214,5.03,2718.96,11.8779,1.68176
1338.0,10.1159,599.154,5.12,2821.778,11.8756,1.66908
1340.0,10.0848,598.921,5.024,2745.632,11.969,1.67625
1342.0,10.018,601.084,4.978,2649.463,11.8606,1.68559
1344.0,10.0179,597.871,4.969,2982.723,12.0755,1.68645
1346.0,9.9265,602.029,4.999,2674.385,11.6395,1.66915
1348.0,10.0046,598.053,4.999,2856.466,11.7897,1.6646
1350.0,10.0767,599.024,5.019,2760.072,11.7652,1.68535
1352.0,9.9848,600.171,5.012,2850.123,12.0586,1.69563
1354.0,10.0203,598.951,5.016,2643.394,12.4607,1.67777
1356.0,9.9522,601.444,5.077,2759.075,11.805,1.70455
1358.0,10.0025,600.851,5.043,2769.942,11.9306,1.70369
1360.0,9.9652,599.977,5.05,2768.475,12.4228,1.6777
1362.0,10.0284,601.982,4.91,2865.229,12.4693,1.69799
1364.0,10.0776,602.294,4.924,2760.096,12.0512,1.68346
1366.0,10.0209,598.849,4.953,2655.055,12.3867,1.68636
1368.0,9.953,599.976,5.028,2794.373,12.2011,1.68574
1370.0,9.8932,599.377,5.089,2816.628,11.9177,1.70536
1372.0,9.9882,602.075,4.948,2802.086,11.9946,1.70998
1374.0,10.0259,599.751,5.0,2854.831,12.1448,1.65116
1376.0,10.005,601.52,4.931,3006.479,12.3448,1.66974
1378.0,9.905,601.164,5.01,2721.064,11.6682,1.66747
1380.0,9.9696,601.436,5.021,2799.76,12.1484,1.69326
1382.0,10.0132,599.975,4.975,2909.197,11.9088,1.65179
1384.0,10.0421,601.221,5.044,2825.214,12.0935,1.69064
1386.0,9.9938,603.31,5.075,2796.546,11.9775,1.67519
1388.0,9.9543,601.091,4.948,2644.627,11.8502,1.66167
1390.0,10.0006,598.422,5.011,2785.627,11.9309,1.68118
1392.0,10.0096,601.76,5.014,2756.584,11.7344,1.69127
1394.0,9.9914,601.339,5.041,2762.208,11.7658,1.66509
1396.0,10.1602,600.687,5.081,2792.832,11.8617,1.64537
1398.0,10.0196,601.712,5.018,2747.349,12.1993,1.67122
1400.0,9.9139,599.974,5.025,2850.026,12.3534,1.69891
1402.0,9.9725,598.712,5.036,2669.408,12.5428,1.65304
1404.0,10.013,602.32,5.032,2774.535,12.281,1.68072
1406.0,10.0451,600.08,5.019,2697.304,12.0888,1.69526
1408.0,9.9888,602.087,5.012,2904.69,12.3337,1.67533
1410.0,10.0141,601.745,4.963,2665.612,11.886,1.67729
1412.0,9.9821,599.683,4.959,2867.765,11.8731,1.66457
1414.0,9.9795,597.211,5.162,2789.46,12.0954,1.65685
1416.0,9.9959,602.639,5.072,2876.178,12.3254,1.68098
1418.0,9.9342,596.254,5.035,2828.633,12.1514,1.66167
1420.0,10.0398,597.931,4.992,2804.199,12.0368,1.66785
1422.0,10.003,602.001,4.964,2673.014,12.2362,1.6691
1424.0,10.0144,598.119,4.977,2759.493,12.0468,1.70097
1426.0,10.0795,598.634,4.97,2825.944,12.0872,1.67354
1428.0,10.0382,598.68,5.04,2891.054,12.0665,1.65747
1430.0,9.9489,598.659,5.088,2863.973,12.0124,1.65455
1432.0,10.0556,596.909,4.96,2807.015,11.7233,1.66689
1434.0,9.9676,601.271,5.114,2943.033,11.2656,1.66721
1436.0,9.9359,599.485,5.045,2860.968,12.3493,1.69433
1438.0,9.9818,601.296,4.969,2770.885,12.1341,1.70387
1440.0,9.9519,601.462,4.987,2747.987,11.9807,1.68697
1442.0,10.0073,600.282,5.057,2934.161,12.0974,1.68873
1444.0,9.9418,600.819,4.9,2792.358,12.351,1.69064
1446.0,10.018,598.988,5.015,2907.354,12.0916,1.66449
1448.0,9.9554,601.969,4.988,2766.071,11.9895,1.69749
1450.0,9.9681,601.261,5.081,2846.07,12.1831,1.66651
1452.0,9.9358,598.645,4.98,2852.435,12.0566,1.65761
1454.0,9.9499,598.398,5.014,2729.854,11.9448,1.68917
1456.0,9.9972,599.038,4.91,2759.1,11.9531,1.65851
1458.0,9.9739,598.75,4.953,2677.846,12.1771,1.6645
1460.0,9.9409,600.861,4.98,2734.662,11.7378,1.69105
1462.0,10.0096,600.596,5.026,2863.522,11.91,1.71285
1464.0,10.1019,601.602,5.088,2839.529,11.8352,1.69149
1466.0,10.0308,600.857,5.038,2862.143,12.3506,1.69045
1468.0,9.982,602.488,5.02,2622.914,12.0458,1.6799
1470.0,9.9638,597.86,4.968,2736.211,11.831,1.6832
1472.0,9.9317,601.201,5.03,2844.633,11.9071,1.65322
1474.0,10.0458,599.98,4.982,2847.705,12.2861,1.67719
1476.0,10.0311,599.762,5.004,2836.671,11.8691,1.67829
1478.0,9.9934,599.23,4.894,2834.889,12.516,1.66061
1480.0,10.1123,600.174,5.065,2965.762,12.2017,1.65396
1482.0,10.066,599.773,4.961,2872.475,11.7317,1.67123
1484.0,10.1813,599.053,5.05,2717.063,12.313,1.71213
1486.0,9.9485,598.681,5.024,2919.592,12.0893,1.6808
1488.0,9.898,600.663,4.939,2885.107,12.1292,1.65355
1490.0,9.9438,601.563,5.041,2693.364,12.2134,1.68016
1492.0,9.9755,603.233,5.049,2937.219,11.7539,1.68124
1494.0,9.9806,599.383,4.981,2868.077,12.0279,1.69
1496.0,10.0134,598.471,5.024,2836.058,11.9017,1.68027
1498.0,10.0502,598.669,5.007,2796.432,11.8745,1.70069
1500.0,10.0646,600.542,5.041,2837.594,11.9215,1.71035
1502.0,10.0194,601.434,5.045,2769.281,12.5055,1.68708
1504.0,9.9931,603.867,5.005,2658.695,12.1668,1.69575
1506.0,9.922,596.992,5.004,2829.356,11.7133,1.68293
1508.0,9.9549,599.267,5.079,2858.788,11.9155,1.6324
1510.0,9.9672,604.717,5.057,2924.804,11.3419,1.68519
1512.0,10.0332,598.858,5.081,2844.369,11.4262,1.69506
1514.0,9.9568,601.175,4.963,2720.033,12.0589,1.66012
1516.0,9.9603,600.188,4.933,2691.59,12.4622,1.68066
1518.0,9.9657,601.05,4.923,2800.528,12.1895,1.68723
1520.0,9.9202,602.916,4.925,2771.816,11.8484,1.67634
1522.0,10.1303,600.401,4.932,2814.209,11.9193,1.66373
1524.0,10.0579,599.953,4.975,2767.114,12.175,1.69453
1526.0,10.0302,597.856,4.983,3007.901,12.2068,1.6931
1528.0,9.9916,597.411,4.881,2800.36,11.9284,1.67512
1530.0,9.9809,599.988,5.099,2820.668,11.8514,1.69531
1532.0,9.9206,596.004,4.988,2806.417,11.9595,1.68794
1534.0,9.9879,603.377,5.003,2824.211,12.0865,1.69265
1536.0,9.9699,599.244,5.132,2976.224,12.0171,1.64689
1538.0,9.945,604.238,4.937,2796.691,11.8363,1.65631
1540.0,10.0028,598.62,4.938,2725.281,12.0044,1.68309
1542.0,9.9768,599.506,4.971,2744.866,12.3402,1.665
1544.0,10.0029,598.364,4.995,2810.569,11.7963,1.65865
1546.0,10.0138,602.653,4.987,2761.599,12.3845,1.66468
1548.0,9.9076,597.709,5.041,2982.112,12.1448,1.68985
1550.0,9.9521,604.755,4.954,2884.247,11.8915,1.67477
1552.0,10.0064,602.542,5.029,2817.357,11.9527,1.68651
1554.0,9.9755,599.719,4.953,2875.46,12.6616,1.6771
1556.0,9.9493,599.341,4.977,2928.726,12.2455,1.6792
1558.0,9.8942,600.694,4.939,2804.132,12.3143,1.69063
1560.0,10.0174,601.955,5.101,2859.52,11.6838,1.68348
1562.0,9.9565,595.474,4.928,2848.797,12.3456,1.68785
1564.0,9.9067,598.499,4.926,2944.168,12.1707,1.67342
1566.0,10.0031,599.834,5.061,2801.073,12.0566,1.6879
1568.0,9.9413,601.546,4.946,2930.616,11.823,1.66975
1570.0,10.0833,602.873,5.027,2859.31,11.9489,1.67029
1572.0,10.0374,600.788,5.026,2780.237,12.0203,1.68037
1574.0,10.0241,600.395,4.945,2862.225,11.6645,1.68146
1576.0,9.9721,601.871,4.967,2826.73,12.0252,1.69642
1578.0,9.9312,599.162,5.023,2877.772,11.9165,1.70497
1580.0,10.0362,600.918,5.058,2770.745,12.3758,1.65855
1582.0,9.8811,600.3,4.898,2782.061,12.2892,1.66015
1584.0,10.0175,599.107,4.99,2906.404,12.6827,1.70492
1586.0,10.0113,598.353,4.962,2847.233,12.0396,1.66582
1588.0,10.033,599.506,5.018,2954.346,12.4841,1.70327
1590.0,10.0746,600.162,4.982,2717.227,12.4031,1.69472
1592.0,9.9589,602.259,4.974,2724.41,11.8826,1.65697
1594.0,9.8961,598.915,5.058,2820.283,12.1906,1.68972
1596.0,10.017,596.813,4.989,2821.408,12.0849,1.69019
1598.0,9.9279,600.184,4.967,2878.928,11.5572,1.69121
1600.0,9.9856,601.075,4.987,2927.871,12.2389,1.67586
1602.0,10.0189,600.982,5.016,3009.309,11.8797,1.68563
1604.0,9.9319,600.678,5.068,2909.305,11.9914,1.68377
1606.0,10.1079,599.198,5.047,2787.246,12.2193,1.6833
1608.0,10.0301,598.372,5.001,2861.675,12.1673,1.66752
1610.0,9.8997,598.783,5.027,2932.17,12.5109,1.68112
1612.0,9.9517,600.846,5.047,2934.086,12.1204,1.67584
1614.0,10.084,601.266,4.983,3005.201,11.902,1.68657
1616.0,10.0048,601.68,5.078,2996.243,12.2666,1.68129
1618.0,10.071,603.243,5.073,2945.047,11.8431,1.67727
1620.0,10.1512,602.122,4.999,3012.084,12.0074,1.67261
1622.0,9.9407,600.585,4.969,2877.388,12.4432,1.67305
1624.0,10.043,598.124,5.075,2891.944,12.305,1.62949
1626.0,10.001,600.132,4.986,2863.682,12.0462,1.64715
1628.0,10.0474,599.287,4.959,2830.003,12.0926,1.69053
1630.0,10.0284,600.199,4.995,2908.263,11.9953,1.62913
1632.0,10.0744,601.332,4.943,2874.099,12.2517,1.67364
1634.0,9.9706,601.648,4.956,2855.744,12.1212,1.64848
1636.0,10.0346,600.774,5.052,2853.183,12.2106,1.67804
1638.0,10.0337,597.742,4.98,2816.002,12.0521,1.69364
1640.0,10.0067,600.0,5.024,3043.1,12.0929,1.69569
1642.0,9.9111,599.684,4.973,2747.016,12.1966,1.64966
1644.0,10.0074,603.491,4.963,2700.915,12.0535,1.67468
1646.0,9.9966,604.896,5.018,2889.811,11.7871,1.66527
1648.0,10.0881,600.232,5.018,2884.937,11.9957,1.66401
1650.0,9.9994,597.383,5.077,2850.494,12.1169,1.69616
1652.0,9.9302,602.604,5.039,2652.378,11.9029,1.68017
1654.0,10.0151,597.9,4.957,2841.243,12.2512,1.66486
1656.0,10.0918,602.222,4.989,2837.92,11.9471,1.67045
1658.0,10.001,600.141,5.074,2761.42,12.223,1.67595
1660.0,9.9831,599.085,4.94,2847.684,12.361,1.68655
1662.0,9.9569,602.713,5.037,2799.697,11.867,1.64987
1664.0,9.9905,600.404,5.006,2845.307,12.2426,1.66393
1666.0,10.0376,598.115,4.935,3019.636,12.6339,1.72014
1668.0,9.9509,599.636,4.92,2938.554,12.3735,1.6718
1670.0,10.0389,602.734,4.92,2786.465,11.9924,1.68375
1672.0,10.1,601.051,4.927,3026.177,12.158,1.68974
1674.0,9.9586,600.66,4.959,2911.972,12.2809,1.6761
1676.0,10.0167,597.604,4.915,2828.613,12.2319,1.69905
1678.0,9.991,599.526,4.958,2945.74,12.128,1.6828
1680.0,10.0463,598.432,4.945,2904.426,11.941,1.65375
1682.0,9.967,597.053,5.046,2828.019,12.1432,1.67812
1684.0,10.0449,600.663,4.96,3051.509,12.341,1.69157
1686.0,9.9794,602.232,4.975,2979.517,11.7309,1.69994
1688.0,10.0281,598.848,4.981,2933.489,12.1515,1.6771
1690.0,10.021,598.71,4.921,2899.757,12.2708,1.65151
1692.0,10.0105,597.093,4.936,2838.973,12.3674,1.67488
1694.0,10.0113,603.571,4.991,2765.079,12.2643,1.67166
1696.0,9.9868,602.609,4.915,2731.869,11.5859,1.67352
1698.0,9.9885,600.816,5.005,2880.54,11.823,1.68962
1700.0,9.9387,600.648,4.986,2728.099,12.2802,1.68743
1702.0,10.0437,599.866,5.032,2882.797,12.1024,1.66513
1704.0,10.0351,600.346,4.952,2857.441,12.3242,1.67226
1706.0,9.9944,599.795,4.964,2845.4,12.0329,1.6719
1708.0,10.0033,600.84,5.045,2882.951,12.2549,1.6479
1710.0,9.9383,602.262,4.968,2913.422,12.266,1.67331
1712.0,10.0772,600.361,5.083,2790.396,11.8484,1.66446
1714.0,10.028,602.268,4.951,3003.729,12.1108,1.66831
1716.0,9.9889,599.141,4.949,2929.038,11.9041,1.69644
1718.0,10.0439,601.922,4.977,2802.199,11.607,1.65475
1720.0,10.0178,599.86,4.981,2851.883,12.0537,1.66321
1722.0,9.8899,599.794,5.078,2820.933,11.687,1.65517
1724.0,9.9799,599.751,5.039,2930.883,11.5632,1.65469
1726.0,10.038,602.139,5.041,2889.831,12.2135,1.65665
1728.0,10.0748,599.13,4.943,2867.466,12.1863,1.6572
1730.0,9.9592,598.754,4.878,2822.4,11.5847,1.67528
1732.0,9.9964,600.483,5.002,2822.426,12.2329,1.67022
1734.0,9.9998,600.636,5.045,2974.511,12.2712,1.6706
1736.0,10.0904,602.251,4.955,2938.642,11.9815,1.68093
1738.0,10.1044,600.756,5.013,2802.701,11.7907,1.66631
1740.0,9.9702,604.025,5.046,2911.966,12.1882,1.65091
1742.0,9.9711,602.438,4.994,2785.768,12.1256,1.67825
1744.0,10.0178,598.015,5.011,2814.165,11.9632,1.66864
1746.0,10.0237,599.289,4.973,3023.112,12.0979,1.68124
1748.0,9.9598,601.354,5.146,2807.696,12.1492,1.70001
1750.0,9.9478,597.117,4.955,3006.195,11.7847,1.69845
1752.0,10.0358,603.202,5.066,2845.147,12.1736,1.65415
1754.0,9.9942,600.66,5.072,2875.297,11.9261,1.66686
1756.0,9.9912,599.644,4.94,2778.189,11.861,1.68222
1758.0,9.9607,600.217,5.01,2899.975,12.4919,1.66632
1760.0,10.0099,599.877,5.011,2898.566,12.0266,1.70573
1762.0,10.0762,601.509,4.982,2891.77,12.4527,1.67088
1764.0,10.0691,601.461,5.005,2863.879,12.4257,1.69934
1766.0,10.0401,601.226,5.022,2872.36,12.0013,1.68564
1768.0,9.9972,597.859,5.04,2961.585,12.7535,1.67018
1770.0,10.011,599.74,5.045,3046.635,12.0541,1.67936
1772.0,10.0118,599.703,5.023,2922.622,11.8468,1.68689
1774.0,10.0187,598.56,5.039,2821.41,12.3131,1.67023
1776.0,9.8981,601.588,5.121,2866.251,12.1576,1.65158
1778.0,10.0631,597.043,5.018,2935.763,12.3795,1.70028
1780.0,9.8904,599.286,5.01,2887.539,11.9144,1.68223
1782.0,9.918,600.945,5.02,2935.131,12.3134,1.66703
1784.0,10.0872,601.403,4.921,2969.86,12.2614,1.696
1786.0,9.9591,599.091,4.938,2907.63,11.9462,1.68234
1788.0,10.0045,598.36,5.005,2884.092,12.3054,1.66505
1790.0,10.0051,602.614,4.973,2844.848,12.4754,1.66726
1792.0,10.0456,599.463,4.934,2815.108,12.1586,1.68756
1794.0,10.1304,599.134,4.926,2829.488,11.9345,1.66724
1796.0,9.9834,600.134,4.992,2780.772,11.8611,1.68835
1798.0,10.0004,599.803,5.041,2824.01,12.1009,1.67355
1800.0,10.0322,600.283,4.996,3014.287,12.2177,1.70326
1802.0,9.9683,597.699,5.081,2869.172,12.059,1.6706
1804.0,10.0184,601.345,5.063,2919.02,12.0729,1.68126
1806.0,9.9036,604.596,4.905,2966.326,12.3183,1.67354
1808.0,9.8798,597.459,5.051,2866.827,12.2239,1.69646
1810.0,9.9776,597.388,4.974,2886.952,11.8147,1.62515
1812.0,10.0435,602.196,5.074,2861.066,12.2613,1.70207
1814.0,9.9478,603.2,5.111,2965.289,11.7289,1.70685
1816.0,10.0009,600.749,5.09,2860.771,11.6798,1.66732
1818.0,9.9294,601.591,5.037,2841.831,12.1432,1.6751
1820.0,10.0177,596.787,4.955,2885.789,11.7432,1.66318
1822.0,10.0436,599.206,5.002,2996.136,12.1569,1.67709
1824.0,10.0611,601.807,4.944,2936.366,12.2522,1.69152
1826.0,9.9942,599.13,4.911,2931.798,12.3503,1.67776
1828.0,9.9626,598.807,5.01,3046.486,12.3266,1.6874
1830.0,10.0464,600.566,4.998,2891.578,12.5135,1.69896
1832.0,9.9467,601.242,5.011,2860.442,11.8765,1.66632
1834.0,9.9618,596.945,4.931,2930.48,12.0864,1.67115
1836.0,9.9985,600.263,5.073,2983.894,11.668,1.68035
1838.0,10.0543,604.073,5.016,2835.384,12.3411,1.68725
1840.0,9.9096,597.314,5.035,2960.912,12.3363,1.68547
1842.0,9.9766,601.367,4.996,2982.308,12.8621,1.68935
1844.0,10.1236,594.103,4.896,2982.301,12.3795,1.65179
1846.0,9.9624,600.135,5.043,2851.0,12.3241,1.69419
1848.0,10.0043,601.844,4.972,2810.831,12.0332,1.68125
1850.0,10.0152,601.687,4.976,3022.026,11.6295,1.67769
1852.0,10.0693,599.965,4.949,2910.545,11.9895,1.68092
1854.0,9.9323,596.195,4.971,2939.362,12.0904,1.67111
1856.0,10.0585,601.067,4.992,2909.356,12.5403,1.70368
1858.0,10.006,600.875,5.018,3012.351,11.858,1.69341
1860.0,10.0417,600.635,5.027,2999.974,11.7813,1.68788
1862.0,10.0547,599.468,5.056,2951.762,11.6616,1.69018
1864.0,9.9756,601.814,4.939,2847.767,12.4573,1.67474
1866.0,9.9398,600.065,5.039,2831.906,12.0619,1.69558
1868.0,10.0566,601.587,4.973,2897.268,11.7119,1.67031
1870.0,9.9284,601.437,5.002,2877.497,11.7764,1.69138
1872.0,10.0426,601.977,5.011,2882.876,12.2946,1.6633
1874.0,9.9883,597.279,4.999,2969.285,11.7545,1.69182
1876.0,9.9598,597.967,5.052,2768.338,12.0501,1.66768
1878.0,9.9024,597.847,4.93,2926.634,12.3674,1.68155
1880.0,9.9285,599.976,5.011,2790.712,12.5904,1.66659
1882.0,9.9694,600.279,4.977,2794.639,12.0809,1.65264
1884.0,9.9954,601.476,5.04,2746.171,12.5099,1.68607
1886.0,10.0268,602.071,4.97,2899.118,12.2077,1.70232
1888.0,9.9272,599.859,5.058,3015.496,11.9461,1.69939
1890.0,9.9908,601.601,4.928,3153.54,12.1932,1.67205
1892.0,9.979,596.495,4.949,2769.08,11.639,1.66695
1894.0,9.952,601.019,5.038,3025.922,11.9152,1.65143
1896.0,9.9447,602.945,5.038,2888.901,11.6436,1.67661
1898.0,10.1108,600.991,4.997,2831.722,11.6854,1.68309
1900.0,10.0624,599.333,4.96,2990.906,11.786,1.65532
1902.0,10.0035,600.108,5.006,2936.295,11.6709,1.66515
1904.0,9.9621,600.079,4.912,2863.571,12.2886,1.6642
1906.0,10.0156,597.733,5.024,2977.424,11.7211,1.70972
1908.0,10.0015,600.499,5.094,2865.326,12.0597,1.68829
1910.0,10.0366,601.986,5.005,2940.356,12.3559,1.65781
1912.0,10.0021,602.082,5.009,2948.542,12.4579,1.67351
1914.0,10.0111,601.037,4.946,2933.783,12.1438,1.68546
1916.0,10.0328,598.656,5.007,2994.344,11.7538,1.68198
1918.0,10.0905,598.844,4.986,3039.573,11.9755,1.6711
1920.0,9.9647,595.814,4.968,2836.253,11.7446,1.68078
1922.0,10.0588,597.57,4.969,2849.837,11.8871,1.6959
1924.0,9.9708,602.555,4.987,2932.633,12.4768,1.66112
1926.0,9.9091,599.083,5.07,3108.933,11.8662,1.67496
1928.0,10.0468,600.891,4.94,2972.246,12.151,1.71098
1930.0,10.0377,600.567,4.992,2986.8,12.2427,1.68293
1932.0,9.9957,598.289,5.008,2914.316,12.0006,1.685
1934.0,10.0362,598.587,4.92,3076.865,11.8225,1.67632
1936.0,9.9964,599.659,4.962,3060.433,11.9663,1.66373
1938.0,9.9778,597.959,4.994,3041.28,12.0924,1.66458
1940.0,9.9409,602.303,4.931,2998.787,11.9901,1.66836
1942.0,9.9245,599.787,4.965,2951.887,12.0946,1.65933
1944.0,10.0181,599.992,5.021,3089.642,11.9658,1.69022
1946.0,10.0446,601.673,4.982,2920.148,12.4603,1.6991
1948.0,9.9711,601.124,4.978,2994.445,11.7508,1.67565
1950.0,9.9924,601.029,4.942,2680.789,11.8873,1.66231
1952.0,9.9577,598.749,5.096,3026.8,12.0748,1.67683
1954.0,10.0422,594.865,4.983,2810.297,12.2751,1.68914
1956.0,10.0241,597.125,4.943,3093.148,12.0228,1.66335
1958.0,9.9962,600.025,5.012,3091.535,11.8547,1.6755
1960.0,10.023,599.955,4.952,2688.863,12.4445,1.67608
1962.0,10.0181,603.018,5.018,2950.751,12.4708,1.66106
1964.0,9.9616,597.293,4.952,2949.72,11.9801,1.68017
1966.0,10.1293,599.815,4.973,2957.205,12.094,1.67319
1968.0,10.0003,606.149,5.008,3040.55,12.1131,1.68321
1970.0,10.024,602.29,5.098,2801.426,11.9474,1.67398
1972.0,10.0568,598.342,5.045,2893.68,12.1646,1.69451
1974.0,10.0296,602.084,4.938,3008.234,12.0425,1.65651
1976.0,9.986,599.807,4.988,3024.875,11.9967,1.68058
1978.0,10.0116,599.993,4.95,3076.506,12.6408,1.69988
1980.0,10.0352,600.569,5.035,3077.352,12.2951,1.65319
1982.0,9.9941,598.679,4.895,2877.928,12.5388,1.7126
1984.0,9.9984,600.723,5.031,3120.142,12.2978,1.65052
1986.0,10.0088,598.673,5.079,3015.542,12.0292,1.67662
1988.0,10.0014,599.731,5.029,2803.556,12.5227,1.67049
1990.0,10.0119,600.571,5.072,2991.443,12.0386,1.66722
1992.0,9.9586,599.825,5.025,2924.169,12.0284,1.6711
1994.0,10.1177,601.309,4.966,2790.664,12.0611,1.66973
1996.0,9.9851,600.342,4.993,2955.803,12.0369,1.68835
1998.0,10.0143,599.478,4.984,2974.492,12.357,1.65038
2000.0,10.0635,597.546,5.038,2990.988,12.1274,1.67736
2002.0,10.0175,602.871,5.016,2872.556,12.107,1.70383
2004.0,9.9986,600.881,5.054,3034.573,11.9023,1.68187
2006.0,9.9766,603.128,5.004,3038.907,12.1601,1.70308
2008.0,9.9792,599.468,4.877,2919.319,12.456,1.66854
2010.0,9.9952,598.47,5.106,2966.923,11.9211,1.71641
2012.0,9.9619,598.331,5.066,2956.899,12.082,1.66453
2014.0,10.1046,600.383,5.004,2835.33,12.2534,1.67868
2016.0,9.9426,601.348,4.986,2878.494,11.8765,1.69321
2018.0,9.9618,600.345,5.103,2965.851,12.3566,1.68874
2020.0,10.1027,599.202,4.998,2836.237,11.9763,1.64949
2022.0,10.0033,599.555,4.986,3043.907,12.0287,1.68652
2024.0,9.9665,597.041,5.007,3092.576,12.0514,1.67764
2026.0,9.963,602.643,4.982,2939.585,12.3393,1.68771
2028.0,9.9658,599.197,4.974,2969.575,12.01,1.67139
2030.0,10.0006,601.621,5.021,3057.444,11.9998,1.69151
2032.0,10.0395,599.132,5.107,2882.76,11.9988,1.6782
2034.0,9.978,601.718,5.035,3002.276,11.9801,1.70861
2036.0,10.0624,600.579,5.017,2904.575,12.4389,1.68966
2038.0,9.9248,601.902,5.031,2993.551,12.3312,1.67863
2040.0,10.0354,598.921,5.005,2848.156,12.0993,1.68244
2042.0,10.0533,598.569,4.954,2919.788,12.1531,1.66292
2044.0,10.0396,600.9,5.02,3038.241,12.3326,1.67232
2046.0,10.0723,600.587,5.003,2977.244,12.1895,1.65279
2048.0,9.9675,601.221,4.955,3010.297,12.173,1.69757
2050.0,9.8628,598.684,5.07,2854.767,11.7639,1.67105
2052.0,10.0308,600.803,4.982,2971.82,11.8237,1.67852
2054.0,9.9461,599.521,5.072,2919.502,12.7654,1.66912
2056.0,10.0989,598.965,5.024,2909.027,12.1805,1.67817
2058.0,9.9301,600.506,4.971,2834.334,12.1176,1.71136
2060.0,10.0048,599.143,5.044,2913.847,12.1673,1.65461
2062.0,10.0437,599.425,5.106,2900.842,12.2765,1.68341
2064.0,10.0203,602.746,5.007,2882.047,12.1608,1.69553
2066.0,10.028,602.713,4.967,3106.915,12.2253,1.68184
2068.0,10.0012,601.334,5.041,3031.683,11.9699,1.65876
2070.0,10.0546,599.039,4.997,2932.191,12.2068,1.68459
2072.0,9.94,599.846,4.972,3043.969,12.38,1.65358
2074.0,9.9516,596.728,4.926,3009.024,11.7417,1.64667
2076.0,10.0501,602.014,4.983,3059.623,12.049,1.67063
2078.0,10.1288,599.273,5.04,3073.344,12.3715,1.66953
2080.0,9.9964,597.459,5.022,2934.331,12.651,1.66725
2082.0,9.8908,596.87,5.087,3050.897,12.0857,1.68971
2084.0,9.9391,600.105,5.008,2959.523,11.7718,1.6973
2086.0,10.0619,600.385,4.958,3026.122,12.0169,1.69218
2088.0,9.9925,597.069,4.998,3020.238,12.0464,1.67154
2090.0,10.0046,598.66,5.042,3023.356,12.1291,1.66567
2092.0,9.9547,599.517,4.975,2971.948,12.0048,1.67012
2094.0,9.8834,599.275,5.058,2995.438,12.0896,1.69811
2096.0,9.9451,599.165,5.06,2966.514,12.008,1.68642
2098.0,10.0755,603.371,4.941,2937.686,12.3867,1.66201
2100.0,9.9269,599.115,5.081,2905.325,12.3031,1.67231
2102.0,10.043,600.762,4.992,2971.178,12.1554,1.662
2104.0,10.024,600.936,4.961,2931.121,12.0783,1.69951
2106.0,10.0475,598.081,5.027,3117.478,11.8768,1.67796
2108.0,10.0075,603.722,5.018,2942.299,11.6855,1.68368
2110.0,9.9846,602.082,5.005,2788.471,12.086,1.69566
2112.0,10.0359,599.12,5.082,2910.987,12.0989,1.6636
2114.0,10.0054,596.553,4.979,2828.222,12.7875,1.6841
2116.0,9.924,601.769,5.01,2973.709,11.9957,1.66753
2118.0,9.963,600.963,4.956,3050.566,12.5145,1.67729
2120.0,10.0651,596.939,4.962,2948.2,11.656,1.69666
2122.0,9.9464,600.384,5.042,2926.42,11.8973,1.67609
2124.0,9.9809,599.796,5.045,3116.673,12.216,1.66908
2126.0,9.9223,596.748,5.099,2952.104,13.0279,1.70609
2128.0,10.0014,600.033,4.998,2902.63,12.2128,1.68029
2130.0,10.0284,599.539,5.072,2931.855,11.8682,1.68647
2132.0,10.0135,603.228,5.017,3028.312,12.0723,1.68783
2134.0,9.9467,599.59,4.981,2991.069,12.523,1.67109
2136.0,9.9961,599.065,4.993,2970.276,12.0726,1.64596
2138.0,10.0253,597.715,4.94,2945.778,12.5456,1.6703
2140.0,10.0264,598.177,4.931,2876.823,12.2533,1.66052
2142.0,10.076,601.115,4.989,3094.021,11.9168,1.64977
2144.0,9.9718,600.908,5.033,3138.066,12.4759,1.69074
2146.0,9.9777,598.707,4.991,3106.019,12.611,1.70149
2148.0,10.0043,599.713,4.984,3105.288,12.3399,1.68264
2150.0,10.0611,599.113,5.03,2967.432,11.9291,1.7139
2152.0,10.0418,600.261,5.055,3006.057,12.0872,1.70398
2154.0,9.9554,601.454,5.075,2949.507,12.3312,1.69025
2156.0,9.9655,598.029,5.12,3123.74,12.2518,1.68532
2158.0,10.038,600.408,5.008,3004.559,12.4751,1.67357
2160.0,9.9801,600.873,5.025,2892.559,11.9444,1.6592
2162.0,9.9539,600.232,5.007,3072.535,12.2674,1.68671
2164.0,10.0572,600.044,4.937,3032.614,11.7982,1.67593
2166.0,10.0075,601.162,5.032,3017.034,12.2711,1.66892
2168.0,9.8814,602.282,4.974,2933.037,11.8821,1.68329
2170.0,10.0424,597.956,4.996,2873.348,12.4905,1.65226
2172.0,10.1538,596.56,4.957,2982.876,11.9405,1.66868
2174.0,10.0403,599.565,4.942,2729.132,12.109,1.66408
2176.0,10.0389,600.592,5.007,3189.441,12.2807,1.66551
2178.0,9.9658,600.769,5.03,2936.667,12.3642,1.7203
2180.0,10.031,601.998,5.065,3016.078,12.0481,1.66832
2182.0,10.0088,598.646,4.943,3148.386,11.9583,1.67543
2184.0,9.9337,600.393,5.046,3011.234,12.4049,1.6892
2186.0,9.9267,596.624,4.928,3044.232,12.1908,1.65339
2188.0,10.0266,600.367,4.97,3153.428,11.6504,1.69461
2190.0,10.0526,598.811,4.99,3040.001,12.5415,1.67868
2192.0,10.057,602.675,5.057,2978.225,12.2086,1.69435
2194.0,9.9888,598.813,4.962,3153.882,11.83,1.66666
2196.0,9.9516,600.245,4.991,2917.727,12.324,1.65193
2198.0,9.9551,601.845,4.896,2922.99,12.298,1.66898
2200.0,10.0078,600.118,4.996,2988.658,12.1369,1.64612
2202.0,9.9619,603.237,5.017,3169.21,12.0151,1.69539
2204.0,9.9533,600.18,4.98,3023.418,12.1276,1.69361
2206.0,9.9884,601.114,4.926,3014.908,11.9498,1.67978
2208.0,9.934,599.196,4.98,3185.057,12.2662,1.6925
2210.0,9.9547,600.185,4.912,2843.017,12.637,1.67445
2212.0,9.9354,601.959,5.087,2873.136,12.145,1.67299
2214.0,10.1236,599.83,4.961,2912.828,12.1428,1.66218
2216.0,9.9221,597.947,4.982,3054.671,12.1134,1.66268
2218.0,9.9996,595.564,4.974,2825.188,12.1129,1.7124
2220.0,9.9913,594.019,4.874,3013.946,12.32,1.66947
2222.0,10.0398,603.088,4.996,3048.589,12.0342,1.6666
2224.0,9.9594,600.727,5.045,2946.203,12.3546,1.67872
2226.0,9.9462,598.469,5.065,2936.598,12.3692,1.69305
2228.0,9.9598,599.735,4.999,2838.201,12.0549,1.70664
2230.0,9.9317,598.447,4.987,3065.364,12.5532,1.68233
2232.0,9.9954,599.39,5.04,3055.954,12.4526,1.64386
2234.0,9.9404,599.596,4.988,3116.405,12.3131,1.67748
2236.0,10.0847,601.276,4.975,2929.232,12.3365,1.65415
2238.0,10.0246,598.618,5.041,3083.817,12.2064,1.64009
2240.0,10.0246,601.198,5.034,3119.881,12.1465,1.71043
2242.0,10.0179,600.631,5.043,2974.563,11.8586,1.68613
2244.0,9.9966,599.02,4.922,3020.424,12.0014,1.69014
2246.0,9.9408,604.232,5.111,3251.469,12.2622,1.70646
2248.0,10.0532,602.111,5.007,3060.488,12.2115,1.68768
2250.0,9.9901,599.542,4.958,2989.701,11.8495,1.68357
2252.0,9.9507,598.649,4.969,2816.308,11.9557,1.67036
2254.0,10.0055,600.911,4.929,3079.346,12.2893,1.69771
2256.0,9.9943,602.993,4.966,3055.402,12.5553,1.67432
2258.0,10.0007,598.926,5.055,3154.115,12.3261,1.65264
2260.0,10.0747,596.14,5.032,3166.597,12.0189,1.65201
2262.0,9.9968,602.228,4.968,2978.396,12.0188,1.71294
2264.0,10.0254,599.432,4.95,3067.378,12.4083,1.64538
2266.0,10.0013,601.804,4.993,3038.131,11.958,1.67318
2268.0,10.0317,599.862,5.037,2922.727,12.083,1.65898
2270.0,9.9747,598.54,4.994,3109.962,12.2512,1.69049
2272.0,10.0055,600.661,5.02,3021.548,12.3031,1.63833
2274.0,10.0051,602.639,5.049,2956.946,12.4644,1.66299
2276.0,9.9605,598.514,4.934,3057.643,12.0764,1.65498
2278.0,10.0416,601.382,4.915,3024.187,12.0283,1.66229
2280.0,10.057,599.639,5.041,3166.168,12.3823,1.69715
2282.0,9.9863,596.683,5.096,3040.254,12.0846,1.69098
2284.0,10.0097,599.375,5.061,3035.016,12.3346,1.67895
2286.0,9.9833,599.011,5.113,3283.89,12.3787,1.65395
2288.0,9.9998,600.954,4.913,2947.346,12.7193,1.66897
2290.0,10.0115,599.18,4.934,3054.436,12.1657,1.68618
2292.0,9.9457,602.605,4.929,3047.595,12.0871,1.68676
2294.0,9.8856,597.614,5.036,3113.715,12.318,1.6696
2296.0,10.001,599.407,4.949,3052.163,12.3444,1.73441
2298.0,9.9137,598.021,5.028,3150.289,12.0593,1.67546
2300.0,9.9667,601.963,4.975,2890.689,12.37,1.67155
2302.0,10.0069,597.152,5.024,3098.403,12.2361,1.67137
2304.0,9.9322,598.648,4.9,3067.222,12.3185,1.6544
2306.0,10.0455,603.331,5.013,3141.123,12.272,1.6858
2308.0,9.9708,599.881,4.946,3219.539,12.4479,1.67689
2310.0,9.9856,598.283,5.053,3182.795,11.7714,1.66124
2312.0,10.0059,604.504,4.95,2932.277,12.1539,1.67819
2314.0,10.0532,601.082,5.035,3105.386,12.2189,1.67062
2316.0,9.9518,598.433,5.058,2952.708,12.5023,1.70011
2318.0,9.9243,603.877,5.05,2974.759,12.2652,1.68073
2320.0,10.0313,603.167,5.023,3065.34,11.9206,1.66375
2322.0,9.9215,599.198,4.981,3065.807,12.2513,1.67318
2324.0,9.9251,601.409,5.001,3215.304,12.1323,1.62964
2326.0,9.9511,601.85,4.994,3010.146,11.9645,1.70557
2328.0,9.9655,601.594,5.004,3106.26,11.8922,1.68776
2330.0,9.9961,601.563,5.045,2955.337,12.4932,1.68032
2332.0,10.0277,600.266,4.978,3168.928,12.0422,1.67674
2334.0,9.9939,600.196,4.937,3066.3,12.1419,1.66131
2336.0,10.0078,599.651,4.993,2918.348,12.1811,1.69599
2338.0,9.9872,601.788,4.923,3201.096,12.2401,1.67029
2340.0,9.973,600.428,5.079,2988.247,12.2244,1.6597
2342.0,10.02,599.873,4.982,2997.943,12.0595,1.70193
2344.0,10.0376,597.493,5.069,3015.787,12.3088,1.67048
2346.0,9.8892,601.856,5.063,3110.204,12.51,1.68346
2348.0,10.0022,601.087,5.064,3263.53,12.1424,1.66509
2350.0,10.048,599.282,5.006,3061.443,12.2519,1.71136
2352.0,9.962,603.185,5.068,3045.478,12.3912,1.69243
2354.0,10.0669,600.116,4.904,3209.277,11.8748,1.70398
2356.0,9.9594,599.472,5.003,3132.965,12.9051,1.65138
2358.0,10.1107,601.075,4.984,3066.503,12.1912,1.70067
2360.0,10.0038,598.074,4.992,3037.054,12.3529,1.6738
2362.0,10.045,599.998,4.994,2990.663,12.1018,1.67583
2364.0,9.9708,601.86,5.0,3220.733,12.1401,1.65673
2366.0,9.9389,599.237,4.98,3163.129,11.9926,1.68702
2368.0,9.9469,600.368,4.967,3201.577,12.1169,1.68581
2370.0,9.9986,600.92,4.994,3031.251,12.3957,1.68684
2372.0,10.0887,599.322,4.987,3003.604,12.3781,1.68469
2374.0,10.0391,599.415,4.955,3026.138,12.1199,1.67643
2376.0,9.9752,596.373,5.003,3031.779,11.9358,1.69351
2378.0,10.0298,602.256,5.059,3177.169,12.4934,1.65011
2380.0,9.904,599.641,5.028,3128.362,12.2715,1.68457
2382.0,9.9172,598.706,4.991,3039.507,11.9052,1.69967
2384.0,9.9123,600.153,5.03,2981.793,11.8892,1.68737
2386.0,9.9544,600.088,5.06,3054.199,12.4182,1.67644
2388.0,10.0328,601.435,5.001,3060.012,12.2912,1.67281
2390.0,9.9525,599.554,5.023,3031.988,12.2715,1.68371
2392.0,10.0658,598.943,5.045,3072.31,12.0389,1.67849
2394.0,9.9781,600.813,5.043,3118.25,12.3197,1.64951
2396.0,10.0606,601.989,5.06,3097.398,12.1637,1.67667
2398.0,9.9372,601.958,4.993,3065.044,12.0675,1.6639
2400.0,9.9646,600.887,5.035,3015.389,12.2441,1.67725
2402.0,9.9543,600.593,5.017,3088.469,12.0856,1.62972
2404.0,9.9788,600.266,5.173,2964.414,11.9445,1.68368
2406.0,10.0575,599.358,4.941,2998.497,11.6399,1.67294
2408.0,9.9946,597.61,4.929,2933.31,12.3762,1.67333
2410.0,9.9868,599.698,5.05,3099.24,12.1426,1.66884
2412.0,10.1278,601.357,4.998,3217.991,12.2122,1.67276
2414.0,9.9149,601.628,5.005,3007.003,12.3123,1.67942
2416.0,10.0056,600.2,5.095,3178.228,11.6645,1.68654
2418.0,9.9463,601.413,5.013,3137.133,11.9714,1.66277
2420.0,10.0278,601.751,5.053,3121.405,12.4545,1.66338
2422.0,10.0482,597.001,5.05,2970.139,12.3493,1.65849
2424.0,10.0374,599.923,4.926,3130.949,12.0687,1.67471
2426.0,10.0203,599.804,5.051,3185.5,11.9052,1.66052
2428.0,9.9395,598.263,5.037,3080.516,12.3376,1.65668
2430.0,9.9175,603.98,5.015,3075.68,12.157,1.67905
2432.0,9.965,598.117,4.939,3134.974,12.277,1.68867
2434.0,10.0244,599.865,4.989,3101.238,12.0786,1.68844
2436.0,9.9648,599.218,4.913,3191.958,12.2273,1.70825
2438.0,10.0364,598.072,4.97,3108.263,12.0278,1.68957
2440.0,10.0137,600.694,4.943,3027.907,12.3725,1.67384
2442.0,9.931,598.568,4.959,3011.637,12.5496,1.66756
2444.0,9.962,599.112,5.034,3020.48,12.0125,1.67718
2446.0,10.0365,598.996,4.998,2965.98,12.5946,1.69005
2448.0,10.0737,599.756,4.941,3186.608,12.3507,1.68563
2450.0,9.9268,604.082,5.014,2997.41,12.2182,1.6706
2452.0,10.0241,598.998,4.97,3226.072,12.0406,1.64711
2454.0,10.0767,603.175,5.138,3139.447,11.7397,1.69055
2456.0,10.0138,600.801,4.974,2982.624,12.583,1.67506
2458.0,10.0094,601.158,5.072,3074.348,12.254,1.6762
2460.0,9.9674,600.714,4.981,3070.807,12.8123,1.65529
2462.0,9.9389,596.994,4.999,3010.457,11.9562,1.68189
2464.0,9.9711,596.81,5.073,3142.88,11.9163,1.692
2466.0,10.0456,598.894,5.033,3170.384,11.8133,1.70528
2468.0,10.056,601.352,4.995,3287.035,12.373,1.64845
2470.0,9.9558,602.452,4.95,3118.997,12.3893,1.66239
2472.0,9.9868,597.548,5.091,3178.767,12.417,1.66423
2474.0,10.0032,598.494,4.94,3177.113,12.5629,1.68823
2476.0,10.0273,599.873,5.029,3052.464,12.6528,1.67501
2478.0,9.9568,599.475,5.14,3312.09,11.7283,1.67715
2480.0,9.9607,598.886,4.993,3157.928,12.2507,1.67135
2482.0,10.0182,596.2,4.99,3108.618,11.9332,1.68151
2484.0,10.0217,600.013,5.012,3287.381,11.9355,1.6699
2486.0,9.9712,600.122,4.988,3081.715,12.4288,1.66008
2488.0,10.0196,600.428,4.996,2968.282,11.8989,1.66408
2490.0,9.9817,601.812,4.955,3110.337,12.2944,1.65363
2492.0,9.9192,601.771,4.934,3060.786,12.2572,1.71301
2494.0,9.9987,599.376,4.995,3188.537,12.3839,1.65519
2496.0,9.9833,599.321,4.918,3140.68,12.3336,1.67775
2498.0,9.9676,599.311,5.054,3051.949,11.9184,1.70371
2500.0,9.909,601.86,5.028,3037.476,12.1966,1.65423
2502.0,10.0027,602.443,5.01,2961.846,12.4194,1.68201
2504.0,9.949,600.499,5.092,3149.562,11.6902,1.70622
2506.0,9.9909,596.862,4.969,2934.615,12.4712,1.68237
2508.0,9.9876,600.84,4.98,3021.09,12.2771,1.67959
2510.0,9.9661,601.563,4.947,2979.862,12.3447,1.68575
2512.0,9.951,597.733,5.091,2866.305,12.0593,1.68577
2514.0,9.9792,598.337,5.022,3335.515,12.4495,1.65208
2516.0,9.9389,598.798,4.945,3182.682,12.1795,1.66915
2518.0,9.9166,598.555,4.971,3350.466,12.5371,1.68243
2520.0,10.0372,601.37,5.003,3165.351,12.4236,1.6922
2522.0,9.948,599.055,4.956,3009.375,12.3438,1.69383
2524.0,10.0718,600.249,4.909,3189.489,12.004,1.70002
2526.0,10.0528,597.74,5.079,3239.218,11.8593,1.69704
2528.0,9.9905,603.493,5.052,3163.461,12.227,1.65533
2530.0,10.0686,596.634,4.967,3022.486,12.5557,1.64717
2532.0,9.9922,601.152,5.074,3034.21,12.2194,1.65901
2534.0,9.9949,600.929,5.044,3252.159,12.0412,1.68448
2536.0,10.0407,599.702,4.997,3185.772,11.9251,1.66524
2538.0,9.9678,598.598,5.058,3244.626,12.0201,1.659
2540.0,9.9895,601.237,5.026,3172.989,12.1847,1.67032
2542.0,9.9427,599.735,5.043,3071.932,12.378,1.65554
2544.0,9.9529,598.611,4.982,3340.13,12.4924,1.6819
2546.0,9.93,602.027,5.04,2992.669,12.3762,1.65638
2548.0,10.0289,602.545,5.04,3065.179,12.1838,1.62515
2550.0,10.0788,597.92,5.044,3209.432,11.5466,1.69894
2552.0,9.9379,599.817,4.938,3109.119,12.0065,1.67247
2554.0,10.0052,599.529,4.947,3232.211,12.0684,1.68352
2556.0,9.8925,598.982,4.894,3185.534,12.2801,1.69169
2558.0,9.9915,597.242,5.024,3120.931,12.345,1.6792
2560.0,9.9416,603.834,5.075,3211.689,12.3374,1.67632
2562.0,9.9426,603.871,4.939,3083.018,12.0827,1.66178
2564.0,9.9715,598.594,4.973,3138.837,12.3016,1.6964
2566.0,10.0101,599.461,5.035,3234.295,11.6982,1.66646
2568.0,10.0055,601.965,4.886,3116.371,12.5012,1.6795
2570.0,9.9891,600.86,5.036,3247.194,12.5016,1.67768
2572.0,9.9365,600.301,5.072,3337.494,12.3714,1.67858
2574.0,9.9182,601.249,4.979,3203.415,12.5388,1.67008
2576.0,9.9423,598.861,5.046,3206.867,12.4698,1.68127
2578.0,10.0122,599.907,4.97,3335.122,12.3874,1.70716
2580.0,9.9863,598.678,4.966,3112.165,11.864,1.65741
2582.0,9.9463,600.548,5.009,3246.282,11.7599,1.66949
2584.0,10.0922,599.931,5.087,3266.38,11.8808,1.71542
2586.0,10.0236,603.862,4.99,3140.16,12.0628,1.67317
2588.0,10.0344,601.408,4.967,3232.35,12.7154,1.66346
2590.0,10.0678,598.13,5.042,3200.784,11.9296,1.69202
2592.0,10.004,600.595,5.014,3205.758,12.277,1.68838
2594.0,10.051,599.793,5.055,3005.279,12.0005,1.68993
2596.0,10.0462,598.981,4.984,3181.415,12.0216,1.66825
2598.0,9.912,598.938,5.026,3183.095,12.5129,1.65748
2600.0,10.0194,601.319,4.91,3215.397,12.1134,1.68763
2602.0,10.071,594.414,4.939,3212.822,12.3511,1.70592
2604.0,10.0011,600.189,5.094,3215.805,12.6566,1.6814
2606.0,10.082,597.575,4.957,3088.027,11.9146,1.67057
2608.0,10.0879,600.531,4.933,3066.227,12.5284,1.67668
2610.0,10.038,601.034,5.07,3085.114,12.2068,1.67822
2612.0,10.0085,600.139,4.963,3215.479,12.4391,1.70903
2614.0,9.9759,597.483,5.086,3052.282,12.1584,1.67419
2616.0,9.9673,601.381,4.991,3144.954,12.1594,1.72016
2618.0,10.0803,601.019,4.956,3139.353,12.2097,1.67544
2620.0,9.9975,599.601,5.057,3232.173,12.1829,1.67748
2622.0,10.0549,599.138,4.977,3003.877,11.7648,1.70048
2624.0,9.9523,600.254,4.933,3004.441,12.4575,1.6632
2626.0,10.012,597.392,5.031,3184.843,12.3632,1.65283
2628.0,9.962,601.953,5.09,3158.284,12.2331,1.68548
2630.0,10.0227,599.543,5.035,3066.201,12.1793,1.6961
2632.0,9.8991,599.735,5.047,3138.12,12.0105,1.66248
2634.0,9.9724,597.918,4.933,3070.946,11.9223,1.66893
2636.0,9.9864,601.456,4.949,3241.721,11.908,1.66404
2638.0,9.9758,599.888,4.984,3275.38,11.9891,1.66541
2640.0,10.026,597.707,4.95,3318.606,12.3305,1.68848
2642.0,10.0391,601.254,5.016,3218.078,12.0411,1.64694
2644.0,10.0063,601.593,4.949,3124.392,12.6557,1.67409
2646.0,9.9883,601.443,5.034,3176.191,12.2121,1.6764
2648.0,10.0389,596.533,5.124,3237.337,12.3163,1.69845
2650.0,10.0139,599.239,4.988,3165.288,12.0592,1.68015
2652.0,9.9774,598.03,5.063,3217.521,12.3757,1.66582
2654.0,10.0272,601.925,5.11,3046.905,12.0411,1.67016
2656.0,9.9586,598.263,5.049,3026.621,12.2911,1.66705
2658.0,10.0557,598.98,4.981,3284.702,12.3472,1.66607
2660.0,10.0043,600.24,5.091,3126.869,12.4268,1.66203
2662.0,9.9438,600.851,4.977,3118.211,12.3882,1.68536
2664.0,10.0851,599.544,4.919,3153.986,11.8911,1.68749
2666.0,10.0424,601.311,5.034,3271.926,12.2691,1.71605
2668.0,10.0029,599.64,4.982,3173.932,12.0759,1.69179
2670.0,9.9618,598.894,4.983,3170.192,12.298,1.66133
2672.0,10.0575,597.358,4.987,3099.288,12.3773,1.6729
2674.0,10.0717,601.394,4.952,3102.546,12.1417,1.66029
2676.0,10.0342,600.756,5.027,3177.027,12.195,1.69931
2678.0,9.9838,597.318,5.026,3143.445,12.4445,1.65493
2680.0,10.0745,596.327,4.976,3246.724,12.4855,1.67776
2682.0,9.9695,599.62,5.063,3103.901,12.3802,1.6864
2684.0,10.0053,598.681,4.984,3363.282,12.0811,1.68199
2686.0,10.0473,601.24,5.032,3238.81,12.1259,1.66494
2688.0,10.1145,601.429,4.935,2906.388,11.9318,1.64875
2690.0,9.8959,600.792,4.937,3227.827,11.9182,1.69434
2692.0,10.0538,599.378,4.978,3109.975,11.7443,1.70408
2694.0,9.8655,598.839,4.972,3296.959,12.5241,1.64534
2696.0,10.034,599.45,5.032,3198.007,12.3825,1.68776
2698.0,9.9912,599.613,5.021,3300.438,12.7521,1.68635
2700.0,10.0008,601.61,4.999,3054.346,12.6238,1.70011
2702.0,10.0522,600.459,5.043,3210.191,12.3189,1.69878
2704.0,9.9649,600.279,4.957,3025.29,12.6174,1.67854
2706.0,10.0256,601.332,5.048,3285.455,12.3541,1.69889
2708.0,9.9837,599.459,4.983,3150.24,11.9676,1.6711
2710.0,10.0204,601.662,4.913,3199.407,12.1886,1.66647
2712.0,9.9878,598.737,4.951,3329.72,12.1645,1.67598
2714.0,10.0481,598.52,5.017,3170.85,11.6911,1.6936
2716.0,10.0082,600.801,4.933,3118.311,12.4271,1.66961
2718.0,10.0107,599.676,4.975,3242.411,12.1776,1.67248
2720.0,9.9224,597.198,5.017,3332.235,12.6324,1.70363
2722.0,9.9785,602.438,4.987,3326.717,12.3168,1.69416
2724.0,9.9282,596.692,5.062,3038.725,12.0276,1.69356
2726.0,10.0721,601.977,5.073,3064.335,12.2305,1.677
2728.0,9.9256,595.89,4.987,3063.476,12.4093,1.66866
2730.0,9.9469,601.808,5.034,3342.152,12.2155,1.66754
2732.0,9.9967,602.163,5.051,3224.253,12.2257,1.65777
2734.0,9.9605,598.593,4.964,3027.147,12.4369,1.65547
2736.0,9.913,599.624,5.017,3281.308,12.0352,1.67645
2738.0,10.0286,597.069,4.859,3182.193,12.1721,1.67241
2740.0,9.9841,601.362,5.041,3197.497,12.2047,1.66405
2742.0,9.9885,601.147,4.989,3422.823,12.079,1.64582
2744.0,10.1068,598.459,4.944,3226.507,12.5893,1.65527
2746.0,9.9957,598.493,4.979,3350.234,12.0786,1.65213
2748.0,10.0005,601.017,4.927,3412.961,12.3883,1.65823
2750.0,9.9435,603.061,4.94,3218.707,12.3554,1.67538
2752.0,10.0021,600.564,4.985,3181.393,12.4061,1.67488
2754.0,10.0236,603.95,4.999,3195.654,12.2014,1.68563
2756.0,10.0135,599.729,4.923,3207.881,11.9902,1.68392
2758.0,9.987,600.233,5.008,3167.56,12.2704,1.69536
2760.0,10.0802,599.248,5.078,3308.132,11.7317,1.6662
2762.0,10.1074,601.432,4.995,3154.018,11.8534,1.66788
2764.0,10.0256,601.511,5.028,3232.221,12.105,1.66889
2766.0,10.0516,598.47,5.056,3169.366,12.077,1.68076
2768.0,10.0572,599.889,5.039,3258.211,12.4817,1.67481
2770.0,9.9166,603.614,5.002,3334.653,12.0311,1.68679
2772.0,9.9163,598.588,5.001,3209.168,12.1214,1.64761
2774.0,9.9558,596.23,4.925,3044.267,11.9943,1.66009
2776.0,10.0099,601.339,5.056,3318.144,12.7044,1.67611
2778.0,10.007,601.331,4.957,3302.077,11.7399,1.66188
2780.0,9.9689,600.141,4.963,3192.172,12.0005,1.65025
2782.0,9.994,601.941,5.026,3158.216,11.9059,1.6634
2784.0,9.968,597.925,4.985,3366.321,12.2267,1.64482
2786.0,10.028,602.486,5.055,3256.234,12.3342,1.65757
2788.0,10.0065,600.827,5.02,3176.945,12.3806,1.65074
2790.0,10.0104,598.972,5.101,3197.098,12.04,1.67593
2792.0,9.9775,598.598,4.911,3237.447,12.0527,1.6594
2794.0,9.9808,600.959,4.957,3303.071,12.1895,1.67289
2796.0,10.0594,596.852,5.02,3190.238,11.8813,1.67681
2798.0,10.0662,602.007,5.076,3312.996,12.2509,1.68089
2800.0,10.0221,601.232,4.981,3194.679,11.9199,1.71945
2802.0,10.0566,597.047,5.02,3304.063,12.1979,1.68947
2804.0,10.0363,602.072,4.931,3047.451,12.4553,1.66973
2806.0,10.0274,601.371,4.999,3346.103,12.3751,1.68083
2808.0,10.0085,597.815,5.01,3109.469,11.8921,1.66222
2810.0,9.9546,599.173,5.115,3143.391,11.9657,1.69429
2812.0,9.9952,600.287,5.027,3143.38,12.3947,1.65202
2814.0,10.0012,600.982,5.001,3260.915,12.5706,1.71234
2816.0,9.9612,599.962,4.979,3309.61,12.6275,1.63114
2818.0,10.0678,602.375,5.043,3300.71,12.3499,1.68488
2820.0,9.964,601.081,5.117,3263.492,12.3779,1.69318
2822.0,10.0099,602.114,4.969,3299.441,11.7191,1.68271
2824.0,10.0411,599.284,5.037,3190.713,12.3207,1.68271
2826.0,10.0921,598.338,4.998,3296.585,12.2069,1.67874
2828.0,10.0339,599.872,5.061,3233.271,12.3483,1.67459
2830.0,10.0348,599.671,5.065,3344.496,12.4379,1.68472
2832.0,9.9941,598.474,4.99,3301.311,12.3542,1.6903
2834.0,9.9754,600.097,5.02,3288.96,12.5091,1.66612
2836.0,10.0926,601.734,5.039,3223.127,12.1546,1.68628
2838.0,9.9702,600.886,4.992,3130.012,11.9658,1.66027
2840.0,10.0212,601.095,4.898,3136.958,11.8865,1.66555
2842.0,9.9504,601.71,4.996,3279.636,12.3696,1.6695
2844.0,9.9878,598.228,5.101,3079.666,12.3144,1.66562
2846.0,9.9315,599.002,4.94,3076.957,12.3152,1.70721
2848.0,10.0237,599.619,5.033,3320.375,12.4034,1.69325
2850.0,9.9514,599.546,4.94,3399.029,12.0276,1.69094
2852.0,10.026,602.77,5.05,3373.662,12.2556,1.67683
2854.0,9.9982,598.036,5.018,3262.711,12.2803,1.66654
2856.0,10.0093,599.744,4.944,3273.298,12.5825,1.66372
2858.0,9.9944,601.44,5.041,3280.895,12.0078,1.66289
2860.0,10.0444,599.868,5.045,3283.121,12.3321,1.666
2862.0,9.9247,597.939,5.034,3350.845,12.0999,1.67836
2864.0,9.9609,597.215,5.013,3438.363,12.1417,1.68329
2866.0,10.0296,599.486,5.097,3322.338,12.2797,1.66758
2868.0,9.9603,595.947,5.027,3274.108,11.6466,1.67966
2870.0,10.033,601.025,5.053,3193.709,12.1203,1.65502
2872.0,9.9759,599.348,4.971,3402.202,12.3898,1.66512
2874.0,10.0015,601.085,5.026,3387.123,12.0788,1.65248
2876.0,10.0394,597.599,5.071,3187.63,12.1551,1.68156
2878.0,9.9329,600.538,4.981,3089.009,11.9058,1.66136
2880.0,10.0632,602.596,4.988,3299.835,12.214,1.68862
2882.0,10.0143,602.064,5.027,3286.976,12.1869,1.65026
2884.0,10.0208,599.632,4.974,3343.304,11.9049,1.6513
2886.0,9.9963,600.016,5.016,3230.301,12.7279,1.68289
2888.0,9.9625,597.946,5.072,3434.225,12.9038,1.66846
2890.0,10.0061,600.686,4.963,3309.483,12.2252,1.678
2892.0,10.019,597.713,4.979,3204.157,12.0134,1.65655
2894.0,10.0507,604.938,5.024,3200.688,11.9804,1.68343
2896.0,10.0754,598.815,5.02,3326.695,12.8679,1.64231
2898.0,9.9896,599.857,4.993,3179.033,12.3538,1.68728
2900.0,10.0316,598.181,4.905,3098.882,12.5677,1.66334
2902.0,10.0301,598.669,4.954,3324.719,12.2513,1.65532
2904.0,9.9914,603.761,5.089,3265.454,12.2283,1.69241
2906.0,10.0098,601.129,4.974,3057.894,11.9873,1.67062
2908.0,10.0404,601.12,5.023,3252.286,12.3206,1.6685
2910.0,10.0095,598.027,5.069,3130.099,12.5491,1.65286
2912.0,9.9909,601.02,4.93,3339.039,12.1884,1.69112
2914.0,10.0879,600.179,5.003,3374.49,12.2673,1.67892
2916.0,10.0285,601.247,5.018,3291.785,12.2879,1.68865
2918.0,9.9429,599.672,5.01,3403.379,11.7202,1.64786
2920.0,9.9335,599.149,5.037,3184.572,11.911,1.70252
2922.0,10.0074,598.176,5.001,3283.45,12.3104,1.68024
2924.0,10.0371,602.975,5.035,3259.934,12.3684,1.67907
2926.0,10.0244,601.002,4.91,3386.54,12.0716,1.69688
2928.0,10.0218,597.114,5.007,3283.171,12.0495,1.68517
2930.0,9.9859,597.62,4.976,3160.363,12.5324,1.6876
2932.0,9.9922,598.412,4.98,3314.066,12.4938,1.65122
2934.0,9.9537,602.172,4.981,3227.483,12.3818,1.67446
2936.0,10.032,598.653,5.005,3322.656,12.4461,1.70444
2938.0,10.0143,596.422,4.894,3432.787,12.7335,1.68078
2940.0,9.9536,597.496,4.997,3185.983,12.5665,1.65161
2942.0,9.9706,603.305,5.05,3084.098,12.6807,1.66057
2944.0,9.985,599.701,5.037,3335.053,12.3555,1.68661
2946.0,9.9698,601.036,4.923,3122.133,12.1359,1.66578
2948.0,10.0254,601.663,4.999,3367.59,12.2028,1.68263
2950.0,9.9681,600.836,4.901,3247.577,12.5203,1.67257
2952.0,9.9541,602.066,4.953,3277.308,12.0528,1.6556
2954.0,9.9271,602.493,4.909,3220.0,12.1456,1.67401
2956.0,10.0259,602.933,4.98,3391.827,11.9198,1.68926
2958.0,9.9543,601.182,5.117,3222.228,12.2526,1.65783
2960.0,9.9447,598.675,4.975,3198.183,12.2302,1.64445
2962.0,10.0616,601.045,4.995,3092.563,12.0576,1.66272
2964.0,9.9254,599.117,5.026,3374.426,12.3622,1.6585
2966.0,9.9332,601.628,4.981,3241.997,12.2915,1.67846
2968.0,9.9931,597.132,4.984,3357.381,12.3374,1.68529
2970.0,10.0739,598.021,5.021,3274.46,12.3539,1.70883
2972.0,9.989,601.239,4.935,3481.927,12.3968,1.68602
2974.0,9.9537,599.905,4.967,3252.921,12.4195,1.67899
2976.0,9.9803,596.898,4.965,3337.221,11.9199,1.66694
2978.0,9.9565,597.518,5.028,3227.62,12.5493,1.69413
2980.0,9.9649,601.762,4.993,3138.398,12.3282,1.69026
2982.0,10.0844,600.268,4.975,3281.822,11.9791,1.68991
2984.0,9.9844,600.649,4.944,3181.691,12.1503,1.69565
2986.0,10.047,599.935,5.008,3182.745,12.5274,1.66899
2988.0,9.9895,604.157,5.086,3519.716,12.6693,1.6597
2990.0,9.9526,602.067,4.933,3402.612,12.8302,1.67892
2992.0,9.992,601.147,5.018,3169.222,12.2232,1.68705
2994.0,9.9651,598.473,4.991,3304.164,12.2326,1.69959
2996.0,10.0623,599.085,5.01,3472.945,11.7576,1.65824
2998.0,10.0094,597.802,4.996,3143.843,12.1977,1.62591
3000.0,10.031,597.545,5.059,3240.914,12.3488,1.69368
3002.0,10.0256,601.746,5.05,3404.551,11.9273,1.66366
3004.0,9.9439,601.014,5.043,3389.691,12.0984,1.67097
3006.0,10.1075,602.209,4.985,3281.952,11.8954,1.7134
3008.0,10.0591,599.119,5.022,3159.464,12.2266,1.67755
3010.0,10.0111,600.846,4.917,3388.455,12.422,1.66974
3012.0,10.0263,598.357,4.924,3291.571,12.0962,1.69803
3014.0,9.9598,600.346,4.986,3253.475,12.4479,1.68091
3016.0,10.0034,598.652,4.986,3160.727,11.799,1.67348
3018.0,9.9427,600.127,5.061,3389.428,12.2971,1.6902
3020.0,9.9437,600.694,4.964,3361.368,11.8617,1.69863
3022.0,10.1103,601.726,5.146,3348.019,12.1802,1.67371
3024.0,10.0006,599.127,4.983,3357.446,12.454,1.68413
3026.0,10.1062,600.346,5.07,3297.794,11.979,1.67101
3028.0,10.0539,602.678,5.017,3367.922,12.1977,1.68681
3030.0,9.921,599.587,4.991,3446.444,12.2629,1.67929
3032.0,10.0427,601.447,5.027,3216.929,12.3497,1.68543
3034.0,10.0594,599.276,5.06,3305.318,12.454,1.65334
3036.0,10.094,601.509,4.999,3251.671,12.4682,1.67054
3038.0,9.9996,602.369,4.943,3236.167,12.1539,1.69035
3040.0,9.9296,599.636,4.979,3332.865,12.4378,1.67509
3042.0,9.9584,598.218,4.94,3492.655,12.3646,1.67567
3044.0,9.9881,600.442,5.02,3232.827,12.4281,1.66787
3046.0,10.0499,599.636,4.985,3355.24,12.6369,1.66873
3048.0,10.0227,602.966,5.034,3306.029,12.4028,1.64687
3050.0,9.9843,601.924,4.932,3488.027,12.4715,1.65474
3052.0,9.9555,600.55,4.955,3274.395,11.6269,1.67527
3054.0,10.0272,599.024,5.037,3572.099,12.2035,1.6695
3056.0,9.9848,594.758,5.01,3379.694,12.6384,1.67516
3058.0,10.004,599.826,5.013,3521.038,12.2674,1.6606
3060.0,10.0323,600.458,5.106,3392.332,12.3163,1.66882
3062.0,9.9517,599.496,5.042,3289.948,11.9822,1.68232
3064.0,10.0379,601.549,5.016,3321.697,12.303,1.68143
3066.0,9.9186,601.095,5.019,3465.019,12.4531,1.69386
3068.0,10.0699,599.439,5.001,3316.605,12.7998,1.67859
3070.0,9.9133,600.949,5.117,3232.489,12.4528,1.67184
3072.0,9.9672,600.697,5.04,3252.492,11.9575,1.68843
3074.0,10.0108,601.44,5.025,3456.085,12.2021,1.69546
3076.0,9.9934,595.54,4.937,3321.336,12.4158,1.69884
3078.0,10.0302,599.571,4.967,3396.387,12.3585,1.67093
3080.0,10.0301,597.707,4.951,3436.386,12.3498,1.69888
3082.0,9.9121,599.248,4.903,3222.879,12.0529,1.68018
3084.0,9.9635,600.937,4.989,3437.951,11.6528,1.67519
3086.0,10.0037,597.221,5.031,3535.155,12.6897,1.67135
3088.0,9.9896,598.71,4.993,3255.374,11.8653,1.6786
3090.0,9.9802,593.833,4.949,3276.818,12.1222,1.67716
3092.0,9.9806,601.748,5.011,3183.817,11.6853,1.67419
3094.0,9.9648,598.939,4.917,3316.3,12.6526,1.68227
3096.0,10.0402,600.819,5.058,3377.624,12.373,1.69061
3098.0,9.9841,595.168,5.093,3434.739,12.8406,1.66647
3100.0,10.0228,596.883,4.996,3450.281,12.2042,1.67358
3102.0,10.061,603.324,4.967,3384.483,12.2831,1.6517
3104.0,9.9526,598.807,5.018,3381.57,11.9769,1.68158
3106.0,10.0403,594.952,5.008,3442.387,11.7053,1.65792
3108.0,10.0092,598.039,5.016,3338.662,12.1764,1.67573
3110.0,10.0108,599.549,4.955,3371.026,12.3593,1.65683
3112.0,9.9363,598.683,4.901,3224.682,11.9628,1.65107
3114.0,9.9996,600.506,5.043,3419.724,12.6874,1.661
3116.0,9.9906,597.666,5.006,3394.857,12.1729,1.66175
3118.0,9.9273,603.09,4.919,3490.731,12.7895,1.67762
3120.0,9.9323,603.237,4.966,3397.369,12.378,1.69051
3122.0,9.9427,601.072,4.99,3616.262,11.8862,1.63463
3124.0,9.8927,602.746,4.991,3343.379,12.3693,1.68199
3126.0,10.0144,602.268,5.034,3398.114,12.2648,1.67465
3128.0,10.0279,597.008,4.993,3312.622,12.2046,1.69192
3130.0,9.9187,598.078,5.008,3402.589,12.6819,1.66882
3132.0,9.9671,598.15,5.027,3275.002,12.4555,1.67578
3134.0,9.9563,601.627,5.055,3365.562,12.3589,1.66689
3136.0,10.0071,602.579,4.924,3323.774,12.4298,1.69622
3138.0,9.9821,602.615,5.067,3233.287,12.4969,1.65694
3140.0,9.9836,599.846,5.002,3407.883,12.9086,1.69409
3142.0,9.908,601.705,4.862,3477.662,12.4098,1.67997
3144.0,9.9396,600.709,5.033,3342.93,12.6589,1.65621
3146.0,9.9928,598.434,4.965,3396.528,12.286,1.65344
3148.0,9.9995,601.877,4.945,3447.118,12.2644,1.6856
3150.0,9.9812,598.681,4.919,3405.974,12.2376,1.66219
3152.0,9.9726,598.843,5.017,3552.026,12.0733,1.66134
3154.0,10.0349,601.27,4.998,3410.207,12.2912,1.66904
3156.0,10.0136,601.296,5.047,3533.841,12.6424,1.69265
3158.0,10.0501,596.641,5.045,3380.147,11.9409,1.70311
3160.0,9.9436,599.854,4.993,3404.29,12.9856,1.65366
3162.0,9.8826,599.927,4.989,3646.171,12.5154,1.66104
3164.0,10.0142,602.712,4.9,3393.745,12.1499,1.68316
3166.0,10.0621,600.943,4.99,3258.381,12.5572,1.6822
3168.0,9.89,597.989,5.049,3515.365,12.7302,1.68038
3170.0,10.0499,600.122,5.031,3386.706,12.4565,1.67574
3172.0,9.9341,602.456,5.053,3345.455,12.1343,1.69228
3174.0,10.0117,602.322,5.051,3333.315,12.4769,1.66519
3176.0,10.0407,600.462,5.01,3329.426,12.5901,1.67047
3178.0,10.011,598.675,5.007,3468.571,12.5436,1.65397
3180.0,9.9391,600.997,5.029,3430.217,12.1914,1.70508
3182.0,10.1063,601.949,4.995,3205.999,12.3959,1.70534
3184.0,9.9773,597.33,5.055,3488.7,11.8579,1.67907
3186.0,10.0336,601.271,4.995,3313.986,12.2455,1.68649
3188.0,9.995,600.339,4.975,3534.111,12.6332,1.67619
3190.0,10.0079,602.372,4.984,3383.267,12.9495,1.63537
3192.0,9.9622,598.664,5.047,3436.278,12.4349,1.65975
3194.0,9.9959,599.432,4.948,3522.017,12.4953,1.67067
3196.0,9.9626,602.718,5.021,3482.438,12.1786,1.68212
3198.0,10.0075,598.751,4.997,3502.693,12.3022,1.65679
3200.0,9.9879,599.965,5.048,3321.748,12.1971,1.66292
3202.0,10.069,600.957,4.931,3494.562,12.1291,1.68267
3204.0,10.0254,601.318,5.031,3277.012,12.1049,1.67298
3206.0,9.9531,598.387,5.014,3455.922,12.7461,1.67207
3208.0,9.9816,604.446,4.994,3449.706,12.6056,1.65458
3210.0,10.0124,600.125,4.906,3536.518,12.259,1.65426
3212.0,10.0507,604.432,5.043,3566.088,12.4813,1.66589
3214.0,10.0644,599.716,4.981,3352.83,12.6265,1.65982
3216.0,9.9636,598.403,4.96,3496.512,12.3227,1.68817
3218.0,9.9541,602.129,4.923,3345.765,12.4189,1.64466
3220.0,9.9399,600.078,4.973,3566.696,12.8382,1.66101
3222.0,10.0848,599.021,4.968,3516.469,12.0963,1.66745
3224.0,9.9858,603.187,5.004,3330.667,12.4675,1.70636
3226.0,9.9294,597.97,4.976,3395.595,12.2749,1.70457
3228.0,10.0193,605.475,5.012,3368.948,11.8309,1.69798
3230.0,10.0285,599.031,5.036,3495.556,12.3642,1.70288
3232.0,10.014,602.88,5.065,3539.432,12.5364,1.66429
3234.0,9.8963,602.448,5.05,3348.927,12.1055,1.68124
3236.0,9.9931,601.383,5.05,3405.326,12.6898,1.68803
3238.0,10.0312,599.072,5.005,3533.791,11.7545,1.68287
3240.0,9.9939,602.006,4.916,3237.94,11.9341,1.65189
3242.0,9.9304,603.813,5.028,3612.687,12.5826,1.69325
3244.0,9.981,597.646,5.019,3434.666,12.0681,1.67091
3246.0,10.0387,602.057,4.925,3514.225,12.041,1.63161
3248.0,10.0112,602.489,4.98,3571.304,12.5277,1.66126
3250.0,9.9307,602.613,4.923,3325.517,11.9977,1.67927
3252.0,10.0929,600.566,4.952,3497.312,12.4956,1.67559
3254.0,10.1068,599.934,5.017,3440.79,12.0258,1.66255
3256.0,9.925,600.383,4.963,3631.039,12.0253,1.6669
3258.0,9.9963,602.668,4.993,3548.796,12.2426,1.67833
3260.0,10.0315,598.609,4.986,3418.594,12.0493,1.67971
3262.0,10.0036,599.434,5.1,3600.613,12.1294,1.678
3264.0,9.9731,600.221,5.038,3522.564,12.7111,1.6663
3266.0,9.8948,599.53,5.042,3340.756,12.1006,1.67363
3268.0,10.0309,600.601,4.9,3354.649,12.4044,1.6701
3270.0,10.0208,600.153,4.967,3482.013,12.7644,1.66048
3272.0,9.9696,601.031,5.051,3539.358,12.658,1.69958
3274.0,9.9333,602.473,4.939,3346.591,12.8722,1.67955
3276.0,10.0115,600.511,4.999,3380.374,12.4529,1.67741
3278.0,9.9081,597.857,4.938,3554.917,12.5461,1.67378
3280.0,10.0498,599.709,5.078,3471.659,12.0976,1.70461
3282.0,10.0128,602.696,4.952,3350.027,12.4662,1.68103
3284.0,10.0227,601.258,4.984,3427.372,12.7288,1.66836
3286.0,9.9958,598.718,5.076,3401.418,12.6259,1.68143
3288.0,10.0195,599.664,5.059,3421.625,12.4229,1.66057
3290.0,10.0147,603.182,5.022,3611.95,12.7105,1.65882
3292.0,10.0037,600.304,5.062,3637.408,12.221,1.66182
3294.0,9.9736,594.525,5.017,3260.362,12.6108,1.67819
3296.0,10.074,599.531,4.996,3570.432,12.515,1.68812
3298.0,10.0225,597.631,5.021,3477.883,12.2539,1.67818
3300.0,9.9985,598.352,5.026,3379.358,12.3613,1.69899
3302.0,10.0276,599.457,5.041,3490.036,12.0196,1.65216
3304.0,10.0199,600.11,5.076,3589.438,12.142,1.68526
3306.0,9.9517,599.613,4.969,3348.397,12.3748,1.66818
3308.0,10.0558,600.849,4.945,3495.74,12.6009,1.68258
3310.0,9.8882,598.306,4.945,3372.363,12.5827,1.70693
3312.0,9.9764,598.5,5.028,3495.71,12.98,1.67452
3314.0,9.9991,598.624,4.983,3560.965,12.203,1.67098
3316.0,9.9588,598.256,4.961,3578.637,12.1648,1.67702
3318.0,9.9138,598.022,5.044,3484.985,11.9301,1.65642
3320.0,9.9553,598.79,4.937,3587.668,12.6328,1.67245
3322.0,9.996,600.233,5.027,3556.269,12.401,1.65533
3324.0,10.0196,601.817,4.987,3546.54,12.414,1.67895
3326.0,10.0017,599.468,5.021,3363.054,11.9639,1.711
3328.0,9.9834,600.98,5.049,3697.521,12.6628,1.64602
3330.0,10.0245,599.068,5.067,3614.327,12.4766,1.65887
3332.0,10.0048,604.103,5.035,3473.509,12.0179,1.67082
3334.0,10.0147,602.776,4.982,3631.711,12.6631,1.66525
3336.0,9.9157,599.947,4.964,3471.577,12.2324,1.70063
3338.0,10.0758,597.463,4.932,3377.94,12.3788,1.6559
3340.0,9.9299,599.472,4.997,3539.96,12.1818,1.68795
3342.0,9.8957,597.835,5.046,3369.113,12.03,1.66228
3344.0,10.0098,601.26,4.994,3326.121,12.0376,1.67518
3346.0,10.0611,599.137,4.954,3405.594,12.4634,1.66732
3348.0,9.9653,597.856,5.01,3452.736,12.1576,1.68241
3350.0,9.9992,603.758,4.962,3441.788,12.5519,1.68719
3352.0,9.9151,599.731,4.993,3552.759,12.0477,1.68707
3354.0,10.0139,597.93,4.994,3584.825,12.0292,1.66836
3356.0,9.984,603.248,5.021,3436.046,12.111,1.651
3358.0,9.9378,597.224,5.061,3691.87,12.5246,1.6838
3360.0,10.0404,600.444,4.915,3542.326,12.5985,1.69768
3362.0,10.0265,603.466,5.062,3576.648,12.6117,1.66421
3364.0,9.9822,600.161,4.948,3490.101,12.4583,1.69082
3366.0,9.9963,601.501,5.022,3689.927,12.1713,1.66978
3368.0,9.9556,598.371,5.016,3590.534,12.1801,1.67093
3370.0,9.9314,594.781,4.901,3638.883,12.697,1.69646
3372.0,10.0083,600.157,4.941,3505.732,12.4778,1.68221
3374.0,9.9876,601.471,4.975,3630.422,12.1227,1.69188
3376.0,10.0759,602.067,4.953,3560.968,12.2783,1.68147
3378.0,9.9487,600.306,5.024,3526.189,12.3279,1.69352
3380.0,9.9879,600.019,5.104,3363.614,12.4652,1.68239
3382.0,10.0758,599.493,5.013,3663.236,12.0983,1.64564
3384.0,9.9601,602.619,4.912,3381.326,12.3114,1.66671
3386.0,10.0188,597.108,5.026,3652.516,12.3608,1.66503
3388.0,10.0997,602.726,5.035,3351.299,12.0273,1.6705
3390.0,9.9731,600.633,5.052,3258.282,12.3474,1.70936
3392.0,9.92,596.916,4.961,3666.215,11.8702,1.67261
3394.0,10.069,601.138,5.019,3701.136,12.5419,1.67036
3396.0,9.9703,601.383,5.024,3411.936,13.2063,1.66151
3398.0,10.0319,599.999,5.004,3613.532,12.4778,1.6656
3400.0,9.9604,602.911,4.984,3488.518,12.2646,1.66023
3402.0,10.0552,603.215,5.007,3589.304,12.3657,1.68766
3404.0,9.9333,601.403,4.959,3582.883,12.4665,1.6598
3406.0,10.0891,600.791,5.025,3605.099,12.2406,1.67087
3408.0,10.0486,599.072,5.129,3391.383,12.0377,1.68915
3410.0,10.0023,602.891,5.054,3776.034,12.1137,1.70055
3412.0,10.0374,600.056,5.031,3687.821,12.4315,1.68591
3414.0,9.9659,599.906,4.974,3404.838,12.4475,1.65366
3416.0,9.9644,601.072,4.935,3513.47,12.2358,1.69502
3418.0,9.9911,602.295,4.981,3528.564,12.4016,1.67607
3420.0,9.9318,601.986,4.961,3614.15,12.5143,1.69308
3422.0,10.1029,602.4,5.006,3293.539,12.3236,1.64412
3424.0,10.0662,597.407,4.97,3400.547,12.581,1.66997
3426.0,9.9875,599.354,4.989,3480.763,12.0705,1.70354
3428.0,10.0407,600.128,5.014,3556.438,12.2022,1.65244
3430.0,10.0656,598.594,5.0,3647.664,12.2954,1.69195
3432.0,9.9195,599.93,4.964,3537.804,12.1234,1.6618
3434.0,9.9981,601.851,5.002,3545.149,12.3558,1.67727
3436.0,9.904,597.662,4.977,3453.346,12.1159,1.66034
3438.0,9.9982,598.926,4.972,3687.48,12.7149,1.68629
3440.0,10.0723,603.153,5.046,3553.517,12.2374,1.6768
3442.0,10.0147,604.051,4.929,3398.232,12.1571,1.68295
3444.0,10.0002,599.353,5.025,3357.767,12.5539,1.67275
3446.0,9.9912,601.332,5.052,3669.098,12.8579,1.69009
3448.0,10.0006,600.167,4.993,3623.212,12.6411,1.68225
3450.0,9.9169,598.05,4.994,3735.516,12.1691,1.68012
3452.0,9.9731,601.489,5.02,3558.03,12.7463,1.68264
3454.0,10.0,599.699,5.023,3695.865,12.4465,1.69148
3456.0,10.0224,599.197,4.92,3622.279,12.3413,1.67347
3458.0,9.9856,601.932,5.081,3623.915,12.3682,1.65965
3460.0,10.08,598.811,4.955,3611.122,12.4373,1.67227
3462.0,10.0449,600.716,4.948,3847.088,12.6041,1.67654
3464.0,10.0007,596.929,4.865,3501.507,12.4475,1.65042
3466.0,10.0986,601.319,5.076,3469.298,12.1985,1.68074
3468.0,10.0313,601.629,4.986,3326.129,12.2457,1.68894
3470.0,9.966,597.382,5.045,3390.183,12.2859,1.67575
3472.0,10.0211,602.061,5.003,3659.34,12.5729,1.67109
3474.0,10.0181,601.031,5.044,3507.567,12.404,1.70853
3476.0,10.0189,600.176,5.047,3592.288,12.5015,1.67197
3478.0,10.0172,599.328,4.936,3680.691,12.3172,1.68198
3480.0,9.9514,599.637,4.918,3553.566,12.6248,1.68289
3482.0,9.9571,603.472,5.015,3614.042,12.2809,1.64711
3484.0,9.8969,602.662,4.976,3462.199,12.6092,1.66939
3486.0,10.106,598.934,5.005,3695.913,11.9794,1.66322
3488.0,9.9674,599.395,4.975,3750.205,12.123,1.68845
3490.0,9.9925,596.128,5.039,3596.699,12.3097,1.66064
3492.0,9.9564,605.763,5.032,3678.647,12.4974,1.67837
3494.0,10.0029,601.69,4.918,3628.3,12.1083,1.70685
3496.0,10.0271,600.043,5.047,3634.032,12.5484,1.71101
3498.0,10.0493,599.262,5.114,3569.962,12.562,1.64763
3500.0,10.0824,602.071,5.034,3724.625,11.948,1.62927
3502.0,10.0096,598.392,5.063,3732.564,12.2304,1.66925
3504.0,9.9447,596.672,4.992,3470.801,13.0216,1.69209
3506.0,10.0858,603.079,5.024,3477.485,12.4763,1.67803
3508.0,10.063,596.943,5.126,3591.716,12.333,1.68054
3510.0,9.9919,596.988,4.973,3422.804,12.3536,1.65233
3512.0,10.0289,598.956,4.943,3845.445,12.7068,1.67455
3514.0,9.9866,600.228,5.026,3518.73,12.3495,1.65875
3516.0,10.0018,600.178,4.986,3372.067,12.4188,1.65584
3518.0,10.0643,596.024,5.026,3724.919,12.7755,1.65298
3520.0,9.9839,598.518,5.066,3643.586,12.5507,1.67983
3522.0,9.9589,599.393,4.979,3720.571,12.4336,1.67218
3524.0,10.0318,599.866,4.974,3576.201,12.3162,1.67976
3526.0,9.9807,602.487,5.054,3633.162,12.3424,1.66646
3528.0,10.0601,598.75,4.979,3653.83,12.1174,1.68391
3530.0,9.9805,598.822,5.041,3484.535,12.1143,1.67086
3532.0,10.0116,601.479,5.053,3653.584,12.3598,1.69224
3534.0,10.0769,598.797,5.042,3567.669,12.2115,1.66031
3536.0,9.9711,598.863,5.082,3481.072,12.8942,1.66864
3538.0,10.0539,598.343,4.96,3724.989,12.7341,1.66577
3540.0,10.0017,602.21,5.0,3592.624,12.5028,1.70148
3542.0,10.0916,599.459,4.907,3589.224,12.2584,1.66062
3544.0,9.9486,598.412,4.932,3567.379,12.0709,1.67316
3546.0,10.0281,601.508,5.056,3641.157,12.6122,1.68939
3548.0,9.9482,600.829,5.014,3501.835,11.9856,1.67036
3550.0,9.9106,600.493,4.946,3570.194,11.958,1.65212
3552.0,10.0749,600.694,5.105,3715.731,12.6207,1.66929
3554.0,9.9847,601.251,4.942,3594.739,12.4243,1.68812
3556.0,9.9777,606.068,4.969,3786.529,12.3133,1.688
3558.0,10.0302,600.232,5.033,3476.655,12.1577,1.66508
3560.0,9.9948,599.687,4.904,3686.866,12.1178,1.64592
3562.0,9.9843,600.878,4.952,3636.035,12.6855,1.6509
3564.0,10.0356,603.223,5.028,3572.517,12.2056,1.67559
3566.0,10.0166,599.939,5.005,3769.367,12.4577,1.68423
3568.0,10.0172,600.966,4.99,3726.077,12.2915,1.66755
3570.0,10.0148,599.007,5.1,3710.482,12.5899,1.68748
3572.0,9.97,602.765,4.924,3765.124,11.9563,1.66691
3574.0,9.9047,600.969,5.035,3468.681,12.4216,1.68613
3576.0,9.981,600.1,4.964,3843.079,12.2559,1.68378
3578.0,9.9343,600.529,4.914,3446.588,12.4853,1.64705
3580.0,10.0461,599.593,4.941,3707.982,12.4862,1.6807
3582.0,9.994,600.144,5.007,3756.639,12.4733,1.69235
3584.0,9.9061,601.569,5.04,3667.764,12.1424,1.67933
3586.0,10.0359,603.132,5.06,3767.56,12.3833,1.69124
3588.0,9.9567,600.535,5.03,3775.857,12.2752,1.66523
3590.0,9.9925,600.823,5.036,3665.375,12.2665,1.6796
3592.0,9.9927,599.28,5.022,3852.964,12.1237,1.6989
3594.0,10.0714,599.424,5.007,3601.091,12.0221,1.65759
3596.0,9.9595,596.898,4.987,3702.972,12.9582,1.69658
3598.0,10.0191,601.225,5.032,3677.764,12.7088,1.66829
3600.0,9.9814,597.033,5.052,3563.693,12.1555,1.66203
3602.0,9.9632,598.225,4.948,3656.88,12.3279,1.65098
3604.0,9.9745,603.223,5.06,3687.416,12.2654,1.67502
3606.0,10.0529,600.067,4.969,3684.026,12.4176,1.70121
3608.0,10.0049,597.285,4.982,3637.481,12.1766,1.68507
3610.0,9.9704,594.852,5.033,3665.797,12.4137,1.6601
3612.0,10.0097,595.358,4.967,3655.78,12.6295,1.67632
3614.0,10.0268,602.618,5.024,3522.667,12.3996,1.64266
3616.0,9.9241,599.737,4.943,3647.978,12.4412,1.65014
3618.0,9.9116,599.802,5.035,3593.432,12.67,1.66683
3620.0,10.0313,601.551,4.953,3532.74,12.5144,1.66072
3622.0,10.035,600.586,5.033,3668.088,12.3083,1.63903
3624.0,10.0004,598.42,4.965,3699.317,12.3124,1.6549
3626.0,9.9339,599.492,4.961,3509.966,12.2023,1.70885
3628.0,10.0719,603.346,4.932,3737.122,12.4164,1.67357
3630.0,10.0762,596.503,5.082,3644.673,12.4044,1.65666
3632.0,10.022,599.715,4.925,3765.045,12.1094,1.66681
3634.0,9.9014,600.09,5.001,3746.416,12.3072,1.67845
3636.0,10.0134,603.094,5.071,3608.023,12.3652,1.68033
3638.0,10.0643,596.194,5.053,3587.577,12.1477,1.72876
3640.0,9.9901,598.543,4.96,3907.555,12.3741,1.67831
3642.0,9.9324,600.06,4.989,3915.52,12.6141,1.66355
3644.0,9.9925,599.338,5.081,3816.721,12.7987,1.68694
3646.0,10.0265,596.96,4.966,3728.397,12.4512,1.70024
3648.0,10.0724,600.549,5.011,3699.722,12.3232,1.66204
3650.0,9.8905,600.54,4.959,3681.906,12.189,1.6563
3652.0,9.875,600.362,5.003,3685.891,12.3691,1.67
3654.0,9.9435,600.682,4.949,3683.635,12.3959,1.6781
3656.0,9.947,596.498,5.007,3549.38,12.2511,1.65783
3658.0,10.0258,599.697,5.04,3802.771,12.7529,1.66382
3660.0,9.9946,600.415,4.985,3663.516,12.2997,1.68117
3662.0,10.0526,596.901,4.987,3530.474,11.7394,1.68091
3664.0,9.9733,597.565,5.006,3629.924,12.513,1.67157
3666.0,9.9733,599.302,5.017,3748.474,12.1522,1.67394
3668.0,10.0413,600.396,5.108,3691.904,12.4117,1.6881
3670.0,10.039,602.653,5.1,3602.936,12.4019,1.66822
3672.0,10.0272,597.129,4.971,3649.449,12.3189,1.69023
3674.0,9.9668,600.835,4.974,3468.585,12.3,1.67886
3676.0,10.093,602.334,4.969,3697.673,12.1077,1.65896
3678.0,10.0656,599.754,4.953,3638.693,12.6795,1.67172
3680.0,10.0204,598.951,4.935,3778.443,12.3015,1.65699
3682.0,9.9979,599.205,5.01,3862.447,12.8598,1.67576
3684.0,9.9732,605.282,5.014,3712.985,12.1671,1.63894
3686.0,9.9728,600.445,4.974,3893.914,12.1705,1.6681
3688.0,10.0094,603.679,5.036,3777.133,11.8901,1.69638
3690.0,10.0255,601.336,4.963,3567.35,12.3318,1.66152
3692.0,9.9896,597.444,5.011,3703.461,12.605,1.70242
3694.0,10.0178,601.769,4.998,3594.164,12.4464,1.67967
3696.0,10.0108,598.627,4.974,3689.83,12.3824,1.67787
3698.0,10.0002,598.492,5.064,3524.112,11.9593,1.64418
3700.0,9.9489,599.006,5.018,3828.654,12.5724,1.64906
3702.0,10.0375,601.84,4.951,3618.331,12.9995,1.6741
3704.0,10.0305,595.68,4.964,3803.124,12.5318,1.66682
3706.0,9.9995,597.526,5.064,3861.936,12.1662,1.65765
3708.0,10.0167,602.08,4.976,3645.483,12.0737,1.66377
3710.0,10.0487,605.966,5.026,3652.694,12.0671,1.69111
3712.0,10.0141,597.929,4.97,3939.063,12.3778,1.67443
3714.0,10.0643,599.534,4.981,3664.254,12.1983,1.66564
3716.0,10.0007,601.851,5.056,3611.582,12.6,1.65044
3718.0,9.9561,597.225,5.056,3625.8,12.8549,1.6595
3720.0,9.9434,597.102,5.083,3782.707,11.7987,1.65129
3722.0,9.9302,597.7,4.946,3783.246,12.1427,1.67231
3724.0,9.9852,601.314,4.962,3873.062,12.1721,1.63724
3726.0,9.9581,601.778,5.016,3675.271,12.2068,1.67688
3728.0,10.0735,600.539,5.041,3626.953,12.3165,1.68155
3730.0,10.0819,598.871,5.033,3659.048,12.6233,1.66429
3732.0,9.9352,603.606,5.021,3805.704,12.1912,1.65699
3734.0,9.8812,601.884,5.13,3753.905,12.3583,1.67472
3736.0,10.0096,600.008,5.003,3795.298,12.3967,1.65228
3738.0,9.9751,602.35,4.964,3786.842,12.123,1.68592
3740.0,10.0998,598.26,5.022,3746.325,12.4931,1.68579
3742.0,10.0567,601.215,4.975,3795.304,12.3022,1.66756
3744.0,9.9636,602.332,5.025,3787.532,12.3516,1.6438
3746.0,10.0864,600.312,4.96,3346.1,12.4606,1.67113
3748.0,9.9209,601.504,5.068,3401.225,12.6127,1.67907
3750.0,9.9796,601.291,4.989,3839.929,12.3849,1.67532
3752.0,10.0475,602.071,4.88,3604.854,12.2387,1.68169
3754.0,9.9439,603.082,4.987,3764.429,12.6163,1.68329
3756.0,9.9394,605.167,4.991,3683.781,12.1669,1.6636
3758.0,10.0851,600.055,5.007,3710.795,12.8226,1.66736
3760.0,10.0317,597.784,4.985,3808.782,12.3408,1.7001
3762.0,9.9955,601.073,4.962,3809.715,12.4011,1.69136
3764.0,9.9613,601.018,5.009,3997.87,12.677,1.69772
3766.0,10.0495,603.162,4.99,3800.966,12.2393,1.68901
3768.0,10.0417,599.999,5.035,3749.923,12.5019,1.69675
3770.0,10.0346,602.064,4.932,3619.27,12.5338,1.68063
3772.0,9.9699,600.905,5.046,3775.946,12.2667,1.67508
3774.0,10.0118,597.216,5.033,3795.683,12.5302,1.64697
3776.0,10.0013,601.941,5.014,3748.489,12.409,1.67777
3778.0,10.0365,594.923,5.054,3680.284,12.0488,1.66476
3780.0,9.9769,601.537,4.963,3950.944,12.6274,1.66626
3782.0,10.0949,597.774,4.991,3699.599,12.1659,1.67463
3784.0,10.0635,601.485,4.888,3802.654,12.322,1.68886
3786.0,9.936,598.912,4.939,3837.998,12.3161,1.66408
3788.0,10.0246,601.987,5.014,3596.198,12.0421,1.68296
3790.0,9.9584,600.015,4.981,3854.402,12.6756,1.67207
3792.0,9.9675,601.106,4.938,3556.435,12.4596,1.66805
3794.0,9.9719,598.674,4.978,3762.36,12.2039,1.69092
3796.0,10.0525,597.797,5.014,3692.429,12.3906,1.6615
3798.0,10.0137,602.588,4.943,3946.224,12.082,1.64479
3800.0,9.9388,601.248,4.94,3819.142,12.6843,1.67022
3802.0,9.9531,602.597,5.026,3949.392,12.7683,1.65767
3804.0,9.9854,597.077,4.998,3781.789,12.5072,1.67618
3806.0,10.0002,601.233,5.013,3756.626,12.2994,1.68007
3808.0,10.0205,597.103,5.054,3851.241,12.2811,1.66905
3810.0,9.9829,599.802,5.043,3701.654,12.6565,1.66172
3812.0,10.0342,602.22,4.973,3789.995,12.1296,1.68248
3814.0,9.9638,599.769,5.002,3762.242,12.2289,1.67664
3816.0,9.9454,601.749,5.132,3962.217,12.6477,1.66712
3818.0,10.0568,602.013,4.938,3732.143,12.3011,1.67216
3820.0,9.9942,599.412,4.979,3752.465,12.5468,1.68841
3822.0,10.057,602.382,5.087,3682.186,12.2081,1.68774
3824.0,9.9852,596.805,5.086,3481.642,12.1449,1.68584
3826.0,10.0232,600.583,4.967,3694.728,12.6973,1.69002
3828.0,9.9452,601.034,4.927,3668.079,12.4936,1.69613
3830.0,9.9721,599.952,4.994,3718.208,11.9782,1.6529
3832.0,9.9743,597.08,5.0,3589.092,12.1449,1.67971
3834.0,9.9856,598.7,4.963,3647.417,12.5431,1.6927
3836.0,10.0955,601.465,5.072,3800.447,12.6284,1.66801
3838.0,10.0525,599.329,4.953,3853.195,12.5146,1.68772
3840.0,9.9505,599.085,5.002,3740.419,12.3838,1.66611
3842.0,10.015,600.215,4.954,3732.558,12.6973,1.69217
3844.0,9.9839,604.279,4.997,3752.554,12.4426,1.67524
3846.0,9.9676,599.761,4.904,4008.908,12.5538,1.6916
3848.0,9.9537,598.571,5.046,3712.778,12.2821,1.6816
3850.0,10.0031,599.526,4.91,3820.247,12.7026,1.67733
3852.0,9.9917,600.303,4.954,3607.519,12.3008,1.65428
3854.0,9.9584,599.617,4.998,3879.66,12.4603,1.67818
3856.0,9.9948,599.289,5.014,3828.072,12.3322,1.69066
3858.0,10.0358,597.808,4.925,3737.848,12.5815,1.66114
3860.0,10.0395,599.312,4.949,3944.161,12.2836,1.68612
3862.0,10.0276,601.223,4.998,3772.825,12.5978,1.67165
3864.0,9.9438,601.827,4.94,3972.81,12.7091,1.67545
3866.0,10.0182,601.069,5.067,3907.574,12.3872,1.6598
3868.0,9.9726,599.12,4.957,3825.839,12.5673,1.68226
3870.0,10.0765,597.384,5.011,3763.78,12.3763,1.69243
3872.0,9.9923,603.35,5.111,3946.586,12.796,1.69074
3874.0,10.0906,599.42,4.883,3647.76,12.7031,1.67095
3876.0,9.9876,599.391,4.993,4059.138,11.9818,1.67544
3878.0,9.9662,598.404,5.02,3749.119,12.0442,1.66899
3880.0,9.9426,597.65,5.006,3929.661,12.2116,1.68021
3882.0,10.0349,603.68,5.019,3716.225,12.1418,1.69391
3884.0,9.9776,598.036,5.032,3938.488,12.5244,1.66445
3886.0,9.9397,596.509,4.939,3829.232,12.5269,1.68438
3888.0,10.0852,596.894,4.9,3813.74,12.7097,1.66824
3890.0,9.9663,600.368,5.061,3781.651,12.3159,1.67803
3892.0,10.0937,601.038,5.013,4077.372,12.2896,1.68375
3894.0,10.021,594.858,4.972,3657.821,13.0109,1.67744
3896.0,9.9783,602.244,4.938,3626.493,12.2633,1.66477
3898.0,10.0626,599.606,5.053,3836.484,12.5913,1.69592
3900.0,10.0545,601.829,4.976,3774.606,11.6622,1.69183
3902.0,10.0092,600.636,4.886,4049.745,12.2229,1.68742
3904.0,10.0273,600.788,5.025,3997.401,12.7895,1.67851
3906.0,10.0407,602.475,5.08,3777.845,12.0252,1.67456
3908.0,9.9406,597.929,5.022,3834.668,12.3092,1.70011
3910.0,10.0625,599.649,4.951,3892.623,12.5202,1.6679
3912.0,9.9507,598.964,5.08,3819.681,12.3751,1.67416
3914.0,9.9529,597.886,5.054,3970.857,12.2821,1.6549
3916.0,10.0572,603.639,4.968,3797.362,12.0755,1.64239
3918.0,10.0597,601.753,5.075,4157.342,12.4447,1.69945
3920.0,10.0146,598.575,4.942,3748.234,12.129,1.69719
3922.0,10.0224,600.493,4.962,3866.768,12.1837,1.66157
3924.0,10.0695,596.867,4.954,4044.366,12.7725,1.68271
3926.0,10.0926,602.888,5.069,4115.277,12.4779,1.67088
3928.0,10.1238,601.6,5.019,3890.204,12.5567,1.67783
3930.0,9.9748,599.602,5.042,3711.113,12.4227,1.64221
3932.0,9.9689,598.653,5.006,4019.371,12.4364,1.68106
3934.0,10.0209,597.707,5.064,3783.059,12.2155,1.67682
3936.0,9.9887,598.253,4.978,3720.388,12.4057,1.68665
3938.0,9.9832,600.265,5.005,3979.017,12.4305,1.70314
3940.0,10.0432,602.567,4.975,4014.069,12.5974,1.65822
3942.0,9.9205,600.301,4.965,3911.292,12.4338,1.69068
3944.0,9.9088,600.31,5.025,3772.732,12.3991,1.64708
3946.0,10.0632,602.174,4.986,3879.277,12.15,1.66475
3948.0,10.0142,603.608,5.078,4075.676,12.0268,1.65738
3950.0,10.0038,601.663,5.004,3932.743,12.4521,1.68721
3952.0,10.0268,601.66,5.04,3855.842,12.5299,1.6671
3954.0,10.0199,597.54,4.956,3800.267,12.4799,1.66309
3956.0,10.0113,598.457,5.014,3719.864,12.1774,1.68155
3958.0,10.0513,596.691,4.952,3721.968,12.3718,1.66523
3960.0,9.976,599.146,4.975,3785.829,12.0291,1.70288
3962.0,10.025,598.725,4.977,3652.589,12.3825,1.65908
3964.0,9.9451,600.368,5.025,3835.804,12.7312,1.70598
3966.0,10.0335,601.271,4.999,3765.637,12.4526,1.68023
3968.0,10.1022,602.209,5.052,3655.642,12.4378,1.66405
3970.0,9.9963,602.9,4.937,3807.86,12.2171,1.69188
3972.0,10.0288,602.06,5.074,4032.844,12.4639,1.67103
3974.0,9.8647,599.972,5.03,3957.007,12.3267,1.68524
3976.0,10.0169,600.697,4.996,4141.596,12.261,1.67859
3978.0,9.9986,601.724,5.05,3983.727,12.2436,1.70052
3980.0,9.9338,598.196,4.961,4101.667,11.9017,1.66499
3982.0,10.093,600.173,4.966,3744.807,12.2429,1.68326
3984.0,9.9873,598.554,4.959,3898.753,12.6351,1.67008
3986.0,10.0185,596.942,5.063,3821.662,12.4418,1.67904
3988.0,9.9941,599.679,5.026,3941.232,12.5044,1.67338
3990.0,10.0295,597.713,5.11,3789.193,12.4768,1.67827
3992.0,10.0344,602.26,4.947,3897.906,12.0661,1.70289
3994.0,9.9956,597.024,5.019,3926.893,12.4627,1.6603
3996.0,9.9681,599.24,5.034,3836.665,12.8474,1.62143
3998.0,9.9677,602.384,4.946,3931.459,12.4819,1.70507
4000.0,10.0049,603.395,5.041,3985.213,12.9013,1.67033
